0.017|kb,19020049888000000,6,25,1,72057594037944587,2,-0.005,0.006,2.133,2,-0.004,0.333,2.150,2,-0.003,0.647,2.155,2,-0.008,0.807,2.149,2,-0.186,0.522,2.155,2,-0.233,0.241,2.149,2,-0.247,0.015,2.068,2,-0.232,-0.036,2.047,2,0.173,0.520,2.146,2,0.228,0.245,2.160,2,0.243,0.011,2.073,2,0.228,-0.059,2.055,2,-0.087,0.005,2.097,2,-0.104,-0.404,2.132,2,-0.113,-0.817,2.118,2,-0.127,-0.813,2.006,2,0.076,0.006,2.092,2,0.098,-0.407,2.134,2,0.093,-0.808,2.120,2,0.103,-0.805,2.028,2,-0.003,0.571,2.156,2,-0.243,-0.095,2.018,2,-0.282,-0.063,2.026,2,0.228,-0.141,2.042,2,0.265,-0.062,2.025,0,0,0,0,0
0.033|kb,19020053179350000,6,25,1,72057594037944587,2,-0.006,0.006,2.133,2,-0.004,0.333,2.151,2,-0.003,0.647,2.155,2,-0.008,0.807,2.149,2,-0.186,0.522,2.155,2,-0.233,0.241,2.149,2,-0.247,0.015,2.068,2,-0.232,-0.037,2.047,2,0.173,0.519,2.147,2,0.228,0.245,2.160,2,0.242,0.011,2.073,2,0.228,-0.058,2.056,2,-0.087,0.005,2.097,2,-0.104,-0.404,2.132,2,-0.113,-0.817,2.118,2,-0.126,-0.813,2.008,2,0.076,0.006,2.092,2,0.098,-0.407,2.134,2,0.093,-0.808,2.120,2,0.102,-0.806,2.031,2,-0.004,0.570,2.156,2,-0.241,-0.096,2.021,2,-0.280,-0.042,2.038,2,0.229,-0.141,2.042,2,0.264,-0.064,2.019,0,0,0,0,0
0.066|kb,19020056470660000,6,25,1,72057594037944587,2,-0.006,0.006,2.134,2,-0.005,0.333,2.151,2,-0.004,0.647,2.156,2,-0.008,0.807,2.149,2,-0.187,0.522,2.156,2,-0.233,0.240,2.150,2,-0.248,0.015,2.069,2,-0.232,-0.038,2.047,2,0.173,0.519,2.147,2,0.228,0.245,2.160,2,0.242,0.010,2.073,2,0.228,-0.058,2.057,2,-0.087,0.005,2.098,2,-0.104,-0.404,2.132,2,-0.113,-0.817,2.118,2,-0.127,-0.813,2.007,2,0.076,0.006,2.093,2,0.098,-0.408,2.134,2,0.093,-0.808,2.120,2,0.102,-0.805,2.031,2,-0.004,0.570,2.157,2,-0.242,-0.097,2.022,2,-0.279,-0.049,2.031,2,0.227,-0.140,2.041,2,0.264,-0.065,2.021,0,0,0,0,0
0.099|kb,19020059888300000,6,25,1,72057594037944587,2,-0.006,0.006,2.134,2,-0.005,0.333,2.152,2,-0.004,0.647,2.157,2,-0.008,0.807,2.149,2,-0.187,0.522,2.157,2,-0.234,0.240,2.150,2,-0.248,0.015,2.069,2,-0.233,-0.038,2.048,2,0.173,0.519,2.147,2,0.228,0.245,2.161,2,0.242,0.010,2.074,2,0.228,-0.058,2.059,2,-0.087,0.005,2.098,2,-0.104,-0.404,2.132,2,-0.113,-0.817,2.118,2,-0.127,-0.813,2.007,2,0.076,0.006,2.093,2,0.098,-0.408,2.134,2,0.093,-0.808,2.120,2,0.102,-0.805,2.031,2,-0.004,0.571,2.158,2,-0.245,-0.096,2.020,2,-0.280,-0.045,2.033,2,0.227,-0.142,2.043,2,0.264,-0.068,2.023,0,0,0,0,0
0.133|kb,19020063180910000,6,25,1,72057594037944587,2,-0.006,0.005,2.134,2,-0.005,0.333,2.152,2,-0.004,0.647,2.157,2,-0.008,0.807,2.149,2,-0.188,0.522,2.157,2,-0.234,0.240,2.151,2,-0.248,0.015,2.069,2,-0.233,-0.039,2.048,2,0.172,0.519,2.147,2,0.228,0.245,2.161,2,0.242,0.010,2.074,2,0.229,-0.059,2.058,2,-0.087,0.005,2.098,2,-0.104,-0.404,2.132,2,-0.114,-0.817,2.118,2,-0.127,-0.814,2.006,2,0.075,0.006,2.093,2,0.098,-0.409,2.134,2,0.093,-0.808,2.120,2,0.102,-0.805,2.031,2,-0.004,0.571,2.158,2,-0.245,-0.097,2.020,2,-0.281,-0.042,2.039,2,0.230,-0.141,2.047,2,0.268,-0.069,2.028,0,0,0,0,0
0.166|kb,19020066483950000,6,25,1,72057594037944587,2,-0.006,0.005,2.135,2,-0.005,0.333,2.152,2,-0.004,0.647,2.157,2,-0.008,0.807,2.149,2,-0.188,0.522,2.157,2,-0.234,0.240,2.151,2,-0.249,0.015,2.069,2,-0.234,-0.039,2.047,2,0.172,0.519,2.147,2,0.227,0.245,2.161,2,0.242,0.011,2.075,2,0.228,-0.060,2.058,2,-0.087,0.005,2.098,2,-0.104,-0.404,2.132,2,-0.114,-0.817,2.118,2,-0.127,-0.814,2.006,2,0.075,0.006,2.094,2,0.098,-0.409,2.134,2,0.093,-0.808,2.120,2,0.102,-0.805,2.031,2,-0.005,0.571,2.158,2,-0.245,-0.096,2.022,2,-0.282,-0.033,2.044,2,0.230,-0.141,2.046,2,0.270,-0.078,2.030,0,0,0,0,0
0.199|kb,19020069879610000,6,25,1,72057594037944587,2,-0.006,0.005,2.135,2,-0.005,0.333,2.152,2,-0.005,0.647,2.157,2,-0.008,0.807,2.150,2,-0.187,0.522,2.157,2,-0.235,0.240,2.151,2,-0.249,0.015,2.069,2,-0.235,-0.039,2.047,2,0.172,0.519,2.147,2,0.227,0.246,2.161,2,0.242,0.011,2.075,2,0.229,-0.059,2.057,2,-0.087,0.005,2.099,2,-0.105,-0.404,2.132,2,-0.114,-0.817,2.118,2,-0.127,-0.814,2.006,2,0.075,0.005,2.094,2,0.098,-0.408,2.134,2,0.093,-0.808,2.120,2,0.102,-0.805,2.031,2,-0.005,0.571,2.158,2,-0.247,-0.097,2.020,2,-0.282,-0.031,2.043,2,0.230,-0.140,2.043,2,0.270,-0.072,2.030,0,0,0,0,0
0.232|kb,19020073173010000,6,25,1,72057594037944587,2,-0.006,0.005,2.135,2,-0.005,0.333,2.153,2,-0.005,0.647,2.158,2,-0.009,0.807,2.150,2,-0.187,0.522,2.157,2,-0.235,0.240,2.152,2,-0.249,0.015,2.070,2,-0.236,-0.039,2.048,2,0.172,0.519,2.147,2,0.227,0.246,2.162,2,0.242,0.011,2.075,2,0.230,-0.058,2.058,2,-0.087,0.005,2.099,2,-0.105,-0.404,2.132,2,-0.114,-0.817,2.118,2,-0.127,-0.814,2.006,2,0.075,0.005,2.094,2,0.098,-0.409,2.134,2,0.093,-0.808,2.120,2,0.102,-0.806,2.030,2,-0.005,0.571,2.159,2,-0.247,-0.097,2.022,2,-0.282,-0.038,2.038,2,0.233,-0.140,2.044,2,0.261,-0.062,2.021,0,0,0,0,0
0.265|kb,19020076467750000,6,25,1,72057594037944587,2,-0.006,0.005,2.135,2,-0.006,0.333,2.153,2,-0.005,0.647,2.158,2,-0.009,0.807,2.150,2,-0.187,0.522,2.157,2,-0.235,0.241,2.152,2,-0.250,0.015,2.070,2,-0.236,-0.039,2.046,2,0.172,0.519,2.148,2,0.227,0.246,2.162,2,0.242,0.011,2.075,2,0.229,-0.058,2.057,2,-0.087,0.005,2.099,2,-0.105,-0.404,2.132,2,-0.113,-0.817,2.118,2,-0.127,-0.814,2.005,2,0.075,0.005,2.094,2,0.098,-0.409,2.134,2,0.093,-0.808,2.120,2,0.102,-0.805,2.030,2,-0.005,0.571,2.159,2,-0.248,-0.096,2.020,2,-0.284,-0.033,2.035,2,0.229,-0.140,2.043,2,0.267,-0.069,2.026,0,0,0,0,0
0.298|kb,19020079881080000,6,25,1,72057594037944587,2,-0.006,0.005,2.135,2,-0.006,0.333,2.153,2,-0.005,0.647,2.159,2,-0.009,0.807,2.150,2,-0.187,0.522,2.157,2,-0.235,0.241,2.152,2,-0.251,0.016,2.070,2,-0.239,-0.037,2.046,2,0.172,0.519,2.148,2,0.227,0.246,2.162,2,0.242,0.011,2.076,2,0.231,-0.059,2.056,2,-0.087,0.005,2.099,2,-0.105,-0.404,2.132,2,-0.113,-0.818,2.118,2,-0.128,-0.814,2.003,2,0.075,0.005,2.094,2,0.098,-0.409,2.134,2,0.092,-0.808,2.120,2,0.102,-0.805,2.031,2,-0.005,0.570,2.159,2,-0.246,-0.092,2.014,2,-0.263,-0.042,1.994,2,0.229,-0.141,2.044,2,0.264,-0.066,2.020,0,0,0,0,0
0.332|kb,19020083167280000,6,25,1,72057594037944587,2,-0.007,0.005,2.136,2,-0.006,0.333,2.153,2,-0.005,0.647,2.159,2,-0.009,0.807,2.150,2,-0.188,0.522,2.157,2,-0.236,0.241,2.152,2,-0.255,0.016,2.069,2,-0.242,-0.036,2.043,2,0.172,0.519,2.148,2,0.227,0.246,2.162,2,0.242,0.012,2.077,2,0.228,-0.056,2.057,2,-0.088,0.005,2.099,2,-0.105,-0.403,2.132,2,-0.113,-0.818,2.118,2,-0.128,-0.814,2.004,2,0.075,0.005,2.095,2,0.098,-0.409,2.134,2,0.093,-0.808,2.120,2,0.102,-0.805,2.030,2,-0.005,0.570,2.160,2,-0.249,-0.087,2.008,2,-0.268,-0.040,1.990,2,0.232,-0.135,2.042,2,0.267,-0.067,2.024,0,0,0,0,0
0.365|kb,19020086479930000,6,25,1,72057594037944587,2,-0.007,0.005,2.136,2,-0.006,0.333,2.154,2,-0.005,0.647,2.159,2,-0.009,0.807,2.150,2,-0.188,0.522,2.158,2,-0.236,0.243,2.153,2,-0.260,0.018,2.069,2,-0.257,-0.028,2.033,2,0.172,0.519,2.148,2,0.227,0.247,2.163,2,0.242,0.012,2.077,2,0.232,-0.054,2.054,2,-0.088,0.005,2.100,2,-0.107,-0.401,2.131,2,-0.114,-0.818,2.118,2,-0.128,-0.814,2.004,2,0.074,0.005,2.095,2,0.098,-0.409,2.134,2,0.093,-0.808,2.120,2,0.102,-0.805,2.030,2,-0.006,0.570,2.160,2,-0.263,-0.078,1.997,2,-0.278,-0.032,1.980,2,0.231,-0.127,2.044,2,0.266,-0.061,2.021,0,0,0,0,0
0.398|kb,19020089887690000,6,25,1,72057594037944587,2,-0.007,0.005,2.137,2,-0.006,0.333,2.154,2,-0.006,0.647,2.159,2,-0.009,0.807,2.150,2,-0.188,0.522,2.158,2,-0.237,0.244,2.153,2,-0.270,0.023,2.063,2,-0.276,-0.029,2.005,2,0.172,0.520,2.149,2,0.227,0.247,2.163,2,0.243,0.014,2.078,2,0.235,-0.052,2.053,2,-0.088,0.005,2.100,2,-0.108,-0.398,2.131,2,-0.113,-0.818,2.118,2,-0.128,-0.814,2.004,2,0.074,0.005,2.096,2,0.098,-0.409,2.134,2,0.092,-0.808,2.120,2,0.102,-0.805,2.030,2,-0.006,0.571,2.160,2,-0.274,-0.066,1.981,2,-0.312,-0.045,1.993,2,0.232,-0.118,2.038,2,0.266,-0.059,2.017,0,0,0,0,0
0.431|kb,19020093168520000,6,25,1,72057594037944587,2,-0.007,0.005,2.137,2,-0.006,0.333,2.154,2,-0.006,0.647,2.159,2,-0.009,0.807,2.151,2,-0.188,0.523,2.158,2,-0.238,0.248,2.155,2,-0.278,0.032,2.057,2,-0.291,-0.014,1.988,2,0.172,0.520,2.149,2,0.227,0.248,2.164,2,0.245,0.018,2.081,2,0.240,-0.045,2.053,2,-0.089,0.005,2.101,2,-0.109,-0.396,2.129,2,-0.113,-0.817,2.118,2,-0.127,-0.813,2.005,2,0.074,0.005,2.096,2,0.098,-0.409,2.134,2,0.092,-0.808,2.120,2,0.102,-0.804,2.030,2,-0.006,0.571,2.160,2,-0.288,-0.050,1.961,2,-0.327,-0.036,1.981,2,0.239,-0.108,2.040,2,0.272,-0.043,2.029,0,0,0,0,0
0.464|kb,19020096467570000,6,25,1,72057594037944587,2,-0.008,0.005,2.138,2,-0.007,0.333,2.155,2,-0.006,0.647,2.159,2,-0.009,0.807,2.151,2,-0.188,0.523,2.158,2,-0.239,0.255,2.155,2,-0.293,0.047,2.046,2,-0.310,0.007,1.967,2,0.171,0.520,2.148,2,0.227,0.249,2.165,2,0.247,0.022,2.085,2,0.246,-0.041,2.057,2,-0.089,0.005,2.102,2,-0.113,-0.391,2.127,2,-0.113,-0.817,2.118,2,-0.127,-0.813,2.005,2,0.074,0.005,2.096,2,0.098,-0.409,2.134,2,0.092,-0.808,2.120,2,0.102,-0.805,2.030,2,-0.006,0.571,2.160,2,-0.313,-0.024,1.940,2,-0.344,-0.003,1.947,2,0.242,-0.102,2.040,2,0.276,-0.039,2.041,0,0,0,0,0
0.497|kb,19020099886650000,6,25,1,72057594037944587,2,-0.008,0.006,2.138,2,-0.007,0.333,2.155,2,-0.006,0.648,2.159,2,-0.009,0.807,2.151,2,-0.188,0.523,2.158,2,-0.242,0.264,2.156,2,-0.314,0.071,2.028,2,-0.332,0.033,1.939,2,0.171,0.521,2.148,2,0.227,0.249,2.166,2,0.250,0.024,2.088,2,0.250,-0.039,2.063,2,-0.090,0.006,2.103,2,-0.115,-0.387,2.124,2,-0.113,-0.817,2.119,2,-0.127,-0.813,2.005,2,0.073,0.006,2.097,2,0.098,-0.409,2.134,2,0.092,-0.808,2.120,2,0.102,-0.804,2.031,2,-0.006,0.571,2.160,2,-0.339,0.007,1.916,2,-0.365,0.025,1.917,2,0.248,-0.099,2.045,2,0.283,-0.046,2.052,0,0,0,0,0
0.530|kb,19020103171370000,6,25,1,72057594037944587,2,-0.009,0.006,2.139,2,-0.008,0.334,2.155,2,-0.007,0.648,2.159,2,-0.010,0.807,2.150,2,-0.188,0.523,2.158,2,-0.246,0.276,2.154,2,-0.329,0.096,2.014,2,-0.355,0.067,1.913,2,0.170,0.522,2.147,2,0.227,0.250,2.168,2,0.254,0.023,2.096,2,0.254,-0.039,2.072,2,-0.090,0.006,2.104,2,-0.115,-0.386,2.122,2,-0.112,-0.817,2.118,2,-0.127,-0.814,2.007,2,0.073,0.006,2.097,2,0.098,-0.409,2.134,2,0.092,-0.808,2.120,2,0.102,-0.805,2.030,2,-0.007,0.571,2.160,2,-0.350,0.021,1.870,2,-0.381,0.074,1.883,2,0.252,-0.097,2.055,2,0.285,-0.033,2.059,0,0,0,0,0
0.564|kb,19020106480680000,6,25,1,72057594037944587,2,-0.009,0.006,2.140,2,-0.008,0.334,2.155,2,-0.007,0.649,2.158,2,-0.011,0.807,2.150,2,-0.189,0.524,2.159,2,-0.251,0.287,2.154,2,-0.345,0.133,1.992,2,-0.376,0.108,1.889,2,0.169,0.523,2.146,2,0.228,0.251,2.170,2,0.256,0.023,2.099,2,0.258,-0.035,2.085,2,-0.091,0.006,2.106,2,-0.116,-0.384,2.116,2,-0.111,-0.817,2.118,2,-0.127,-0.814,2.007,2,0.073,0.006,2.097,2,0.098,-0.409,2.134,2,0.092,-0.808,2.120,2,0.103,-0.805,2.029,2,-0.007,0.572,2.160,2,-0.389,0.093,1.857,2,-0.416,0.096,1.882,2,0.258,-0.099,2.067,2,0.293,-0.044,2.077,0,0,0,0,0
0.597|kb,19020109887140000,6,25,1,72057594037944587,2,-0.009,0.006,2.141,2,-0.008,0.334,2.155,2,-0.010,0.649,2.157,2,-0.013,0.807,2.149,2,-0.190,0.524,2.159,2,-0.255,0.293,2.152,2,-0.361,0.162,1.976,2,-0.396,0.155,1.868,2,0.167,0.523,2.145,2,0.228,0.251,2.171,2,0.260,0.022,2.106,2,0.261,-0.034,2.099,2,-0.091,0.006,2.107,2,-0.116,-0.383,2.108,2,-0.110,-0.815,2.117,2,-0.125,-0.815,2.010,2,0.073,0.006,2.098,2,0.099,-0.409,2.133,2,0.092,-0.808,2.120,2,0.102,-0.805,2.029,2,-0.009,0.572,2.159,2,-0.408,0.143,1.827,2,-0.433,0.151,1.851,2,0.263,-0.099,2.084,2,0.297,-0.040,2.089,0,0,0,0,0
0.630|kb,19020113179610000,6,25,1,72057594037944587,2,-0.008,0.006,2.142,2,-0.009,0.334,2.155,2,-0.013,0.648,2.155,2,-0.016,0.807,2.148,2,-0.191,0.523,2.159,2,-0.257,0.292,2.149,2,-0.376,0.205,1.954,2,-0.412,0.201,1.850,2,0.165,0.523,2.142,2,0.229,0.252,2.173,2,0.263,0.022,2.115,2,0.264,-0.034,2.111,2,-0.089,0.005,2.108,2,-0.115,-0.382,2.099,2,-0.109,-0.813,2.116,2,-0.125,-0.815,2.010,2,0.074,0.007,2.098,2,0.100,-0.408,2.132,2,0.092,-0.808,2.120,2,0.102,-0.806,2.029,2,-0.011,0.571,2.158,2,-0.423,0.180,1.808,2,-0.442,0.222,1.819,2,0.267,-0.101,2.097,2,0.299,-0.038,2.099,0,0,0,0,0
0.663|kb,19020116470410000,6,25,1,72057594037944587,2,-0.006,0.005,2.143,2,-0.009,0.333,2.155,2,-0.015,0.647,2.154,2,-0.019,0.805,2.146,2,-0.192,0.522,2.159,2,-0.264,0.290,2.144,2,-0.391,0.232,1.944,2,-0.425,0.249,1.837,2,0.162,0.522,2.140,2,0.230,0.252,2.174,2,0.266,0.021,2.124,2,0.268,-0.036,2.124,2,-0.088,0.004,2.110,2,-0.114,-0.382,2.087,2,-0.109,-0.809,2.115,2,-0.125,-0.815,2.010,2,0.076,0.007,2.100,2,0.102,-0.408,2.130,2,0.092,-0.808,2.120,2,0.103,-0.806,2.029,2,-0.013,0.570,2.157,2,-0.438,0.256,1.796,2,-0.398,0.270,1.813,2,0.272,-0.106,2.115,2,0.302,-0.027,2.115,0,0,0,0,0
0.696|kb,19020119878540000,6,25,1,72057594037944587,2,-0.003,0.003,2.144,2,-0.009,0.332,2.155,2,-0.019,0.644,2.153,2,-0.023,0.802,2.144,2,-0.195,0.517,2.160,2,-0.274,0.287,2.141,2,-0.397,0.273,1.931,2,-0.435,0.289,1.833,2,0.158,0.520,2.135,2,0.232,0.251,2.176,2,0.269,0.019,2.134,2,0.272,-0.040,2.133,2,-0.084,0.000,2.111,2,-0.113,-0.382,2.076,2,-0.108,-0.806,2.114,2,-0.126,-0.815,2.008,2,0.079,0.005,2.100,2,0.106,-0.407,2.128,2,0.092,-0.808,2.120,2,0.103,-0.806,2.028,2,-0.016,0.568,2.156,2,-0.450,0.304,1.786,2,-0.405,0.308,1.804,2,0.271,-0.107,2.120,2,0.309,-0.044,2.130,0,0,0,0,0
0.730|kb,19020123176440000,6,25,1,72057594037944587,2,0.001,0.000,2.145,2,-0.010,0.329,2.155,2,-0.023,0.641,2.151,2,-0.026,0.799,2.141,2,-0.198,0.510,2.161,2,-0.283,0.283,2.139,2,-0.404,0.285,1.927,2,-0.441,0.322,1.832,2,0.154,0.516,2.131,2,0.232,0.249,2.177,2,0.272,0.017,2.142,2,0.275,-0.044,2.141,2,-0.081,-0.004,2.111,2,-0.112,-0.384,2.065,2,-0.108,-0.803,2.114,2,-0.126,-0.815,2.008,2,0.083,0.003,2.101,2,0.110,-0.409,2.128,2,0.093,-0.808,2.120,2,0.104,-0.806,2.027,2,-0.019,0.564,2.155,2,-0.454,0.340,1.783,2,-0.411,0.343,1.802,2,0.276,-0.115,2.134,2,0.306,-0.038,2.123,0,0,0,0,0
0.762|kb,19020126475260000,6,25,1,72057594037944587,2,0.004,-0.004,2.144,2,-0.010,0.325,2.153,2,-0.026,0.636,2.148,2,-0.030,0.795,2.140,2,-0.202,0.503,2.161,2,-0.318,0.295,2.121,2,-0.422,0.311,1.901,2,-0.448,0.345,1.829,2,0.152,0.513,2.129,2,0.233,0.246,2.176,2,0.274,0.014,2.144,2,0.277,-0.047,2.143,2,-0.078,-0.009,2.111,2,-0.111,-0.385,2.059,2,-0.107,-0.801,2.113,2,-0.126,-0.815,2.007,2,0.086,0.001,2.100,2,0.112,-0.411,2.129,2,0.093,-0.808,2.120,2,0.104,-0.807,2.028,2,-0.022,0.560,2.152,2,-0.459,0.368,1.781,2,-0.420,0.372,1.799,2,0.279,-0.120,2.140,2,0.309,-0.036,2.130,0,0,0,0,0
0.795|kb,19020129882560000,6,25,1,72057594037944587,2,0.007,-0.006,2.144,2,-0.010,0.322,2.152,2,-0.027,0.634,2.147,2,-0.032,0.792,2.138,2,-0.204,0.498,2.162,2,-0.313,0.284,2.128,2,-0.420,0.317,1.911,2,-0.452,0.356,1.831,2,0.148,0.510,2.126,2,0.233,0.245,2.176,2,0.276,0.013,2.145,2,0.278,-0.050,2.140,2,-0.075,-0.012,2.110,2,-0.108,-0.385,2.054,2,-0.107,-0.799,2.113,2,-0.126,-0.815,2.007,2,0.088,-0.001,2.099,2,0.115,-0.415,2.130,2,0.092,-0.807,2.120,2,0.104,-0.807,2.028,2,-0.023,0.558,2.151,2,-0.466,0.379,1.782,2,-0.425,0.385,1.798,2,0.280,-0.123,2.134,2,0.304,-0.048,2.112,0,0,0,0,0
0.828|kb,19020133179200000,6,25,1,72057594037944587,2,0.007,-0.007,2.143,2,-0.010,0.321,2.152,2,-0.029,0.634,2.146,2,-0.033,0.792,2.138,2,-0.205,0.497,2.162,2,-0.313,0.283,2.128,2,-0.422,0.320,1.913,2,-0.457,0.357,1.831,2,0.147,0.508,2.124,2,0.233,0.243,2.174,2,0.276,0.012,2.144,2,0.281,-0.048,2.130,2,-0.074,-0.013,2.110,2,-0.107,-0.386,2.052,2,-0.107,-0.798,2.111,2,-0.126,-0.815,2.007,2,0.089,-0.001,2.099,2,0.117,-0.416,2.130,2,0.092,-0.808,2.120,2,0.105,-0.808,2.027,2,-0.024,0.557,2.150,2,-0.470,0.381,1.781,2,-0.429,0.383,1.796,2,0.284,-0.120,2.124,2,0.312,-0.059,2.121,0,0,0,0,0
0.862|kb,19020136479140000,6,25,1,72057594037944587,2,0.008,-0.007,2.143,2,-0.010,0.321,2.151,2,-0.029,0.634,2.145,2,-0.034,0.791,2.137,2,-0.206,0.496,2.162,2,-0.315,0.283,2.130,2,-0.423,0.320,1.914,2,-0.462,0.348,1.830,2,0.146,0.508,2.123,2,0.232,0.243,2.172,2,0.278,0.012,2.139,2,0.284,-0.045,2.113,2,-0.074,-0.013,2.110,2,-0.107,-0.386,2.052,2,-0.107,-0.798,2.110,2,-0.126,-0.815,2.007,2,0.089,-0.001,2.099,2,0.117,-0.417,2.130,2,0.092,-0.807,2.120,2,0.105,-0.808,2.027,2,-0.025,0.557,2.149,2,-0.472,0.371,1.778,2,-0.435,0.375,1.798,2,0.284,-0.115,2.105,2,0.316,-0.050,2.098,0,0,0,0,0
0.895|kb,19020139878460000,6,25,1,72057594037944587,2,0.007,-0.007,2.143,2,-0.011,0.321,2.151,2,-0.030,0.634,2.145,2,-0.034,0.792,2.136,2,-0.207,0.496,2.161,2,-0.317,0.284,2.130,2,-0.428,0.316,1.916,2,-0.466,0.328,1.830,2,0.145,0.509,2.123,2,0.233,0.245,2.169,2,0.287,0.020,2.109,2,0.289,-0.040,2.084,2,-0.075,-0.013,2.110,2,-0.107,-0.386,2.052,2,-0.107,-0.797,2.110,2,-0.126,-0.815,2.007,2,0.089,-0.001,2.099,2,0.117,-0.416,2.129,2,0.092,-0.807,2.120,2,0.105,-0.808,2.028,2,-0.025,0.558,2.149,2,-0.477,0.350,1.780,2,-0.441,0.356,1.799,2,0.294,-0.104,2.075,2,0.319,-0.029,2.075,0,0,0,0,0
0.928|kb,19020143167500000,6,25,1,72057594037944587,2,0.005,-0.006,2.144,2,-0.012,0.322,2.151,2,-0.030,0.636,2.143,2,-0.033,0.794,2.135,2,-0.208,0.501,2.160,2,-0.321,0.290,2.130,2,-0.434,0.307,1.915,2,-0.469,0.300,1.836,2,0.145,0.509,2.123,2,0.234,0.250,2.166,2,0.292,0.030,2.090,2,0.296,-0.024,2.049,2,-0.077,-0.011,2.111,2,-0.108,-0.385,2.056,2,-0.107,-0.797,2.110,2,-0.126,-0.815,2.007,2,0.087,0.000,2.101,2,0.115,-0.415,2.129,2,0.092,-0.807,2.120,2,0.105,-0.808,2.027,2,-0.025,0.559,2.148,2,-0.484,0.312,1.786,2,-0.438,0.318,1.807,2,0.301,-0.086,2.028,2,0.327,-0.029,2.038,0,0,0,0,0
0.961|kb,19020146470820000,6,25,1,72057594037944587,2,0.002,-0.003,2.144,2,-0.013,0.324,2.149,2,-0.028,0.639,2.139,2,-0.031,0.797,2.133,2,-0.207,0.505,2.157,2,-0.323,0.295,2.133,2,-0.442,0.282,1.920,2,-0.472,0.268,1.843,2,0.146,0.511,2.122,2,0.233,0.258,2.163,2,0.303,0.053,2.056,2,0.305,-0.011,2.001,2,-0.081,-0.007,2.110,2,-0.111,-0.383,2.061,2,-0.108,-0.797,2.110,2,-0.125,-0.815,2.009,2,0.084,0.002,2.100,2,0.110,-0.410,2.125,2,0.092,-0.808,2.120,2,0.105,-0.808,2.027,2,-0.024,0.562,2.144,2,-0.485,0.270,1.795,2,-0.443,0.289,1.814,2,0.312,-0.061,1.975,2,0.335,-0.017,1.990,0,0,0,0,0
0.995|kb,19020149880250000,6,25,1,72057594037944587,2,-0.005,0.001,2.144,2,-0.014,0.327,2.148,2,-0.025,0.643,2.137,2,-0.028,0.801,2.132,2,-0.205,0.513,2.151,2,-0.324,0.306,2.135,2,-0.443,0.244,1.919,2,-0.473,0.231,1.859,2,0.149,0.514,2.122,2,0.233,0.269,2.160,2,0.309,0.077,2.033,2,0.314,0.021,1.956,2,-0.088,-0.002,2.110,2,-0.118,-0.380,2.069,2,-0.107,-0.799,2.110,2,-0.126,-0.815,2.006,2,0.079,0.004,2.101,2,0.105,-0.402,2.119,2,0.092,-0.808,2.119,2,0.105,-0.808,2.027,2,-0.023,0.565,2.143,2,-0.486,0.220,1.818,2,-0.441,0.230,1.839,2,0.325,-0.028,1.922,2,0.344,0.023,1.944,0,0,0,0,0
1.027|kb,19020153167480000,6,25,1,72057594037944587,2,-0.012,0.005,2.144,2,-0.014,0.330,2.147,2,-0.020,0.645,2.136,2,-0.022,0.805,2.131,2,-0.201,0.524,2.146,2,-0.320,0.316,2.138,2,-0.443,0.221,1.936,2,-0.472,0.191,1.886,2,0.152,0.516,2.123,2,0.234,0.279,2.158,2,0.317,0.107,2.007,2,0.323,0.059,1.912,2,-0.095,0.004,2.109,2,-0.123,-0.378,2.081,2,-0.107,-0.802,2.110,2,-0.126,-0.816,2.006,2,0.072,0.007,2.102,2,0.099,-0.400,2.112,2,0.093,-0.806,2.120,2,0.105,-0.808,2.028,2,-0.020,0.568,2.141,2,-0.489,0.178,1.846,2,-0.463,0.213,1.817,2,0.331,0.019,1.875,2,0.327,0.071,1.874,0,0,0,0,0
1.060|kb,19020156467740000,6,25,1,72057594037944587,2,-0.017,0.007,2.145,2,-0.015,0.331,2.147,2,-0.015,0.647,2.134,2,-0.016,0.807,2.131,2,-0.197,0.529,2.142,2,-0.318,0.319,2.142,2,-0.448,0.172,2.000,2,-0.465,0.155,1.932,2,0.156,0.516,2.123,2,0.236,0.285,2.156,2,0.330,0.140,1.984,2,0.332,0.103,1.867,2,-0.101,0.007,2.109,2,-0.127,-0.376,2.085,2,-0.107,-0.805,2.110,2,-0.126,-0.816,2.006,2,0.066,0.008,2.104,2,0.095,-0.396,2.104,2,0.093,-0.806,2.121,2,0.105,-0.808,2.027,2,-0.016,0.570,2.140,2,-0.486,0.132,1.889,2,-0.451,0.153,1.883,2,0.343,0.058,1.832,2,0.331,0.122,1.834,0,0,0,0,0
1.094|kb,19020159874760000,6,25,1,72057594037944587,2,-0.024,0.008,2.146,2,-0.015,0.332,2.147,2,-0.009,0.648,2.131,2,-0.010,0.808,2.129,2,-0.193,0.531,2.138,2,-0.317,0.320,2.144,2,-0.442,0.154,2.022,2,-0.464,0.107,1.956,2,0.160,0.514,2.123,2,0.239,0.288,2.155,2,0.338,0.162,1.971,2,0.335,0.159,1.834,2,-0.107,0.009,2.109,2,-0.131,-0.374,2.089,2,-0.106,-0.807,2.109,2,-0.126,-0.815,2.006,2,0.059,0.007,2.106,2,0.090,-0.396,2.092,2,0.093,-0.804,2.120,2,0.104,-0.808,2.027,2,-0.012,0.571,2.138,2,-0.480,0.079,1.931,2,-0.459,0.127,1.902,2,0.347,0.124,1.792,2,0.330,0.184,1.806,0,0,0,0,0
1.127|kb,19020163167510000,6,25,1,72057594037944587,2,-0.032,0.007,2.146,2,-0.015,0.331,2.146,2,-0.002,0.646,2.128,2,-0.003,0.806,2.128,2,-0.188,0.531,2.133,2,-0.313,0.317,2.150,2,-0.431,0.128,2.062,2,-0.454,0.075,2.003,2,0.165,0.510,2.124,2,0.247,0.279,2.145,1,0.345,0.174,1.948,2,0.335,0.217,1.818,2,-0.115,0.009,2.107,2,-0.137,-0.372,2.094,2,-0.106,-0.810,2.110,2,-0.126,-0.816,2.006,2,0.052,0.004,2.107,2,0.085,-0.394,2.074,2,0.093,-0.800,2.122,2,0.104,-0.807,2.027,2,-0.007,0.570,2.135,2,-0.471,0.037,1.977,2,-0.466,0.083,1.945,2,0.343,0.203,1.766,2,0.327,0.243,1.797,0,0,0,0,0
1.160|kb,19020166467260000,6,25,1,72057594037944587,2,-0.040,0.004,2.144,2,-0.016,0.330,2.144,2,0.003,0.644,2.126,2,0.004,0.802,2.125,2,-0.184,0.530,2.129,2,-0.304,0.310,2.159,2,-0.416,0.109,2.094,2,-0.444,0.047,2.047,2,0.169,0.504,2.124,2,0.252,0.259,2.134,2,0.336,0.241,1.905,2,0.331,0.270,1.814,2,-0.123,0.009,2.104,2,-0.142,-0.372,2.095,2,-0.106,-0.811,2.110,2,-0.126,-0.815,2.006,2,0.043,-0.001,2.106,2,0.082,-0.395,2.067,2,0.093,-0.798,2.122,2,0.104,-0.808,2.024,2,-0.003,0.567,2.133,2,-0.461,0.001,2.028,2,-0.470,0.044,2.003,2,0.351,0.230,1.741,2,0.323,0.296,1.771,0,0,0,0,0
1.193|kb,19020169878170000,6,25,1,72057594037944587,2,-0.049,-0.001,2.141,2,-0.017,0.327,2.142,2,0.010,0.638,2.124,2,0.011,0.796,2.123,2,-0.182,0.528,2.131,2,-0.299,0.298,2.165,2,-0.406,0.091,2.117,2,-0.432,0.030,2.089,2,0.173,0.494,2.123,2,0.261,0.238,2.126,2,0.327,0.286,1.896,2,0.328,0.317,1.817,2,-0.131,0.006,2.101,2,-0.148,-0.373,2.096,2,-0.107,-0.812,2.110,2,-0.126,-0.815,2.007,2,0.033,-0.009,2.103,2,0.078,-0.396,2.055,2,0.093,-0.794,2.121,2,0.104,-0.808,2.024,2,0.002,0.562,2.131,2,-0.450,-0.027,2.066,2,-0.474,0.018,2.059,2,0.337,0.330,1.763,2,0.303,0.352,1.826,0,0,0,0,0
1.226|kb,19020173167720000,6,25,1,72057594037944587,2,-0.058,-0.006,2.136,2,-0.019,0.321,2.138,2,0.017,0.631,2.122,2,0.017,0.790,2.120,2,-0.177,0.522,2.126,2,-0.294,0.283,2.170,2,-0.399,0.073,2.136,2,-0.422,0.015,2.119,2,0.176,0.488,2.122,2,0.268,0.220,2.122,2,0.322,0.307,1.900,2,0.325,0.353,1.825,2,-0.140,0.003,2.096,2,-0.151,-0.375,2.098,2,-0.107,-0.811,2.110,2,-0.126,-0.815,2.007,2,0.025,-0.015,2.099,2,0.075,-0.397,2.045,2,0.092,-0.792,2.120,2,0.103,-0.808,2.024,2,0.007,0.555,2.128,2,-0.438,-0.047,2.097,2,-0.455,0.008,2.099,2,0.330,0.375,1.769,2,0.292,0.378,1.835,0,0,0,0,0
1.259|kb,19020176467610000,6,25,1,72057594037944587,2,-0.062,-0.009,2.134,2,-0.019,0.317,2.136,2,0.019,0.627,2.121,2,0.020,0.786,2.119,2,-0.174,0.518,2.124,2,-0.291,0.273,2.174,2,-0.393,0.061,2.148,2,-0.414,0.002,2.139,2,0.177,0.482,2.121,2,0.277,0.219,2.101,2,0.324,0.326,1.887,2,0.322,0.377,1.834,2,-0.143,0.001,2.094,2,-0.157,-0.379,2.101,2,-0.108,-0.812,2.111,2,-0.126,-0.815,2.007,2,0.021,-0.019,2.096,2,0.072,-0.399,2.039,2,0.092,-0.790,2.119,2,0.103,-0.808,2.024,2,0.009,0.552,2.127,2,-0.429,-0.063,2.123,2,-0.445,-0.004,2.119,2,0.326,0.406,1.780,2,0.287,0.396,1.854,0,0,0,0,0
1.292|kb,19020179874680000,6,25,1,72057594037944587,2,-0.064,-0.012,2.132,2,-0.020,0.313,2.133,2,0.022,0.622,2.119,2,0.023,0.781,2.117,2,-0.169,0.512,2.121,2,-0.288,0.266,2.175,2,-0.389,0.053,2.158,2,-0.407,-0.003,2.153,2,0.178,0.479,2.121,2,0.279,0.218,2.095,2,0.322,0.339,1.888,2,0.320,0.389,1.839,2,-0.145,-0.001,2.092,2,-0.159,-0.380,2.102,2,-0.108,-0.811,2.111,2,-0.126,-0.815,2.010,2,0.019,-0.022,2.094,2,0.070,-0.399,2.035,2,0.092,-0.788,2.118,2,0.103,-0.809,2.024,2,0.011,0.546,2.125,2,-0.422,-0.069,2.141,2,-0.441,-0.003,2.148,2,0.324,0.422,1.787,2,0.285,0.405,1.853,0,0,0,0,0
1.325|kb,19020183167470000,6,25,1,72057594037944587,2,-0.065,-0.014,2.131,2,-0.019,0.310,2.132,2,0.024,0.619,2.118,2,0.025,0.778,2.116,2,-0.166,0.509,2.118,2,-0.287,0.262,2.175,2,-0.389,0.049,2.160,2,-0.405,-0.004,2.152,2,0.180,0.476,2.121,2,0.280,0.217,2.092,2,0.322,0.343,1.888,2,0.320,0.390,1.839,2,-0.146,-0.003,2.091,2,-0.161,-0.381,2.103,2,-0.108,-0.811,2.111,2,-0.126,-0.814,2.010,2,0.018,-0.024,2.093,2,0.069,-0.399,2.032,2,0.091,-0.788,2.117,2,0.103,-0.809,2.024,2,0.013,0.544,2.124,2,-0.420,-0.070,2.136,2,-0.439,-0.009,2.141,2,0.324,0.423,1.787,2,0.287,0.411,1.852,0,0,0,0,0
1.375|kb,19020186467500000,6,25,1,72057594037944587,2,-0.065,-0.014,2.130,2,-0.019,0.310,2.131,2,0.024,0.619,2.118,2,0.025,0.778,2.115,2,-0.166,0.509,2.118,2,-0.286,0.261,2.176,2,-0.389,0.049,2.160,2,-0.408,0.000,2.143,2,0.180,0.476,2.121,2,0.280,0.217,2.092,2,0.322,0.343,1.888,2,0.322,0.381,1.835,2,-0.146,-0.003,2.091,2,-0.161,-0.382,2.104,2,-0.109,-0.810,2.111,2,-0.126,-0.815,2.010,2,0.018,-0.024,2.092,2,0.068,-0.400,2.031,2,0.091,-0.788,2.117,2,0.103,-0.809,2.023,2,0.013,0.543,2.123,2,-0.426,-0.063,2.129,2,-0.435,0.006,2.135,2,0.327,0.413,1.782,2,0.290,0.401,1.833,0,0,0,0,0
1.392|kb,19020189879480000,6,25,1,72057594037944587,2,-0.065,-0.013,2.130,2,-0.019,0.310,2.131,2,0.025,0.619,2.117,2,0.025,0.778,2.115,2,-0.165,0.509,2.118,2,-0.284,0.263,2.176,2,-0.389,0.052,2.157,2,-0.414,0.011,2.124,2,0.181,0.476,2.120,2,0.274,0.211,2.116,2,0.319,0.327,1.906,2,0.326,0.364,1.829,2,-0.146,-0.003,2.090,2,-0.160,-0.382,2.104,2,-0.109,-0.810,2.111,2,-0.126,-0.815,2.010,2,0.019,-0.024,2.092,2,0.068,-0.400,2.031,2,0.091,-0.787,2.117,2,0.103,-0.809,2.023,2,0.014,0.544,2.123,2,-0.435,-0.049,2.104,2,-0.441,0.016,2.114,2,0.331,0.393,1.776,2,0.294,0.383,1.823,0,0,0,0,0
1.425|kb,19020193168430000,6,25,1,72057594037944587,2,-0.061,-0.011,2.129,2,-0.018,0.312,2.130,2,0.025,0.621,2.116,2,0.024,0.781,2.114,2,-0.166,0.512,2.118,2,-0.280,0.274,2.174,2,-0.395,0.070,2.139,2,-0.424,0.030,2.095,2,0.181,0.478,2.118,2,0.274,0.215,2.117,2,0.325,0.312,1.899,2,0.328,0.338,1.819,2,-0.143,-0.001,2.090,2,-0.159,-0.380,2.105,2,-0.109,-0.810,2.112,2,-0.127,-0.815,2.009,2,0.023,-0.021,2.090,2,0.070,-0.400,2.032,2,0.091,-0.787,2.116,2,0.103,-0.810,2.023,2,0.014,0.546,2.122,2,-0.448,-0.024,2.069,2,-0.459,0.023,2.075,2,0.333,0.364,1.767,2,0.294,0.361,1.832,0,0,0,0,0
1.474|kb,19020196467200000,6,25,1,72057594037944587,2,-0.055,-0.007,2.128,2,-0.016,0.316,2.128,2,0.023,0.627,2.114,2,0.020,0.787,2.113,2,-0.167,0.515,2.118,2,-0.278,0.284,2.173,2,-0.408,0.094,2.109,2,-0.443,0.043,2.055,2,0.181,0.483,2.117,2,0.270,0.228,2.123,2,0.316,0.289,1.890,2,0.331,0.304,1.813,2,-0.138,0.002,2.090,2,-0.155,-0.377,2.105,2,-0.109,-0.811,2.112,2,-0.126,-0.815,2.009,2,0.030,-0.015,2.089,2,0.073,-0.397,2.037,2,0.090,-0.787,2.116,2,0.103,-0.810,2.023,2,0.013,0.551,2.120,2,-0.464,0.001,2.023,2,-0.472,0.051,2.052,2,0.339,0.328,1.762,2,0.300,0.326,1.818,0,0,0,0,0
1.491|kb,19020199874500000,6,25,1,72057594037944587,2,-0.047,-0.001,2.129,2,-0.015,0.321,2.128,2,0.019,0.635,2.114,2,0.015,0.794,2.113,2,-0.169,0.519,2.120,2,-0.280,0.291,2.173,2,-0.419,0.116,2.086,2,-0.456,0.075,2.018,2,0.180,0.493,2.113,2,0.266,0.250,2.129,2,0.324,0.254,1.891,2,0.332,0.267,1.812,2,-0.131,0.006,2.091,2,-0.150,-0.373,2.104,2,-0.109,-0.810,2.112,2,-0.126,-0.815,2.009,2,0.038,-0.008,2.088,2,0.079,-0.394,2.045,2,0.090,-0.789,2.116,2,0.102,-0.810,2.023,2,0.011,0.558,2.120,2,-0.477,0.034,1.974,2,-0.498,0.074,2.000,2,0.333,0.296,1.750,2,0.302,0.290,1.822,0,0,0,0,0
1.541|kb,19020203172860000,6,25,1,72057594037944587,2,-0.039,0.003,2.129,2,-0.013,0.326,2.128,2,0.015,0.640,2.113,2,0.008,0.800,2.111,2,-0.173,0.523,2.122,2,-0.283,0.298,2.172,2,-0.427,0.137,2.065,2,-0.466,0.116,1.988,2,0.177,0.505,2.107,2,0.266,0.266,2.133,2,0.323,0.239,1.896,2,0.332,0.226,1.816,2,-0.122,0.009,2.094,2,-0.143,-0.365,2.099,2,-0.109,-0.810,2.112,2,-0.127,-0.815,2.008,2,0.046,-0.002,2.087,2,0.084,-0.393,2.056,2,0.090,-0.791,2.115,2,0.102,-0.810,2.024,2,0.009,0.563,2.119,2,-0.495,0.079,1.942,2,-0.501,0.121,1.957,2,0.350,0.234,1.764,2,0.319,0.255,1.789,0,0,0,0,0
1.558|kb,19020206471500000,6,25,1,72057594037944587,2,-0.033,0.007,2.130,2,-0.012,0.329,2.128,2,0.011,0.644,2.112,2,0.001,0.804,2.110,2,-0.177,0.526,2.125,2,-0.286,0.303,2.170,2,-0.440,0.173,2.037,2,-0.470,0.163,1.970,2,0.175,0.511,2.104,2,0.266,0.276,2.136,2,0.339,0.187,1.919,2,0.333,0.184,1.827,2,-0.116,0.010,2.096,2,-0.139,-0.365,2.096,2,-0.109,-0.809,2.112,2,-0.127,-0.814,2.008,2,0.053,0.003,2.086,2,0.090,-0.391,2.066,2,0.089,-0.794,2.115,2,0.102,-0.810,2.024,2,0.006,0.566,2.118,2,-0.505,0.133,1.919,2,-0.501,0.173,1.919,2,0.342,0.177,1.790,2,0.323,0.214,1.814,0,0,0,0,0
1.607|kb,19020209880280000,6,25,1,72057594037944587,2,-0.026,0.009,2.129,2,-0.012,0.331,2.127,2,0.004,0.647,2.110,2,-0.007,0.807,2.108,2,-0.182,0.528,2.129,2,-0.289,0.308,2.168,2,-0.448,0.215,2.011,2,-0.485,0.203,1.933,2,0.171,0.518,2.099,2,0.269,0.288,2.135,2,0.335,0.165,1.934,2,0.334,0.143,1.845,2,-0.109,0.011,2.097,2,-0.134,-0.365,2.090,2,-0.110,-0.808,2.112,2,-0.128,-0.815,2.006,2,0.059,0.007,2.084,2,0.092,-0.390,2.072,2,0.090,-0.796,2.114,2,0.102,-0.809,2.024,2,0.002,0.570,2.117,2,-0.511,0.185,1.894,2,-0.514,0.220,1.898,2,0.343,0.127,1.810,2,0.317,0.174,1.835,0,0,0,0,0
1.624|kb,19020213167090000,6,25,1,72057594037944587,2,-0.019,0.010,2.130,2,-0.011,0.332,2.127,2,-0.001,0.649,2.109,2,-0.015,0.808,2.107,2,-0.186,0.527,2.133,2,-0.285,0.306,2.170,2,-0.450,0.241,2.004,2,-0.486,0.251,1.918,2,0.167,0.522,2.095,2,0.267,0.291,2.135,2,0.331,0.138,1.956,2,0.331,0.104,1.872,2,-0.102,0.011,2.099,2,-0.129,-0.368,2.078,2,-0.110,-0.806,2.112,2,-0.128,-0.815,2.006,2,0.065,0.009,2.083,2,0.098,-0.383,2.080,2,0.090,-0.798,2.115,2,0.102,-0.808,2.025,2,-0.002,0.571,2.116,2,-0.511,0.249,1.873,2,-0.495,0.278,1.879,2,0.342,0.078,1.838,2,0.333,0.132,1.841,0,0,0,0,0
1.673|kb,19020216468230000,6,25,1,72057594037944587,2,-0.015,0.009,2.130,2,-0.011,0.332,2.127,2,-0.008,0.648,2.108,2,-0.024,0.806,2.104,2,-0.190,0.524,2.136,2,-0.285,0.300,2.174,2,-0.447,0.276,1.995,2,-0.484,0.296,1.909,2,0.162,0.524,2.090,2,0.266,0.293,2.134,2,0.324,0.113,1.981,2,0.329,0.068,1.901,2,-0.097,0.009,2.100,2,-0.124,-0.370,2.070,2,-0.111,-0.805,2.112,2,-0.127,-0.814,2.008,2,0.069,0.010,2.083,2,0.102,-0.385,2.086,2,0.090,-0.798,2.115,2,0.101,-0.808,2.026,2,-0.007,0.571,2.115,2,-0.508,0.307,1.861,2,-0.470,0.320,1.864,2,0.338,0.034,1.870,2,0.334,0.092,1.863,0,0,0,0,0
1.706|kb,19020219874320000,6,25,1,72057594037944587,2,-0.007,0.007,2.130,2,-0.011,0.332,2.127,2,-0.015,0.645,2.108,2,-0.033,0.803,2.102,2,-0.193,0.519,2.138,2,-0.314,0.277,2.157,2,-0.458,0.311,1.965,2,-0.480,0.339,1.905,2,0.157,0.524,2.087,2,0.265,0.293,2.134,2,0.324,0.104,1.993,2,0.326,0.041,1.933,2,-0.088,0.004,2.102,2,-0.119,-0.372,2.062,2,-0.110,-0.802,2.111,2,-0.127,-0.814,2.008,2,0.075,0.010,2.081,2,0.107,-0.384,2.090,2,0.090,-0.799,2.115,2,0.102,-0.808,2.026,2,-0.012,0.569,2.115,2,-0.500,0.364,1.856,2,-0.457,0.363,1.868,2,0.336,-0.001,1.903,2,0.343,0.051,1.875,0,0,0,0,0
1.723|kb,19020223171290000,6,25,1,72057594037944587,2,-0.001,0.003,2.130,2,-0.011,0.331,2.126,2,-0.022,0.642,2.107,2,-0.041,0.798,2.100,2,-0.196,0.513,2.140,2,-0.315,0.274,2.156,2,-0.448,0.341,1.964,2,-0.472,0.377,1.906,2,0.151,0.522,2.083,2,0.263,0.289,2.130,2,0.319,0.082,2.019,2,0.323,0.018,1.964,2,-0.082,-0.002,2.103,2,-0.114,-0.373,2.052,2,-0.110,-0.800,2.110,2,-0.127,-0.814,2.007,2,0.081,0.007,2.081,2,0.112,-0.391,2.098,2,0.090,-0.800,2.114,2,0.102,-0.808,2.026,2,-0.018,0.566,2.114,2,-0.489,0.410,1.858,2,-0.450,0.409,1.869,2,0.335,-0.033,1.930,2,0.340,0.020,1.913,0,0,0,0,0
1.773|kb,19020226467100000,6,25,1,72057594037944587,2,0.007,-0.001,2.130,2,-0.011,0.327,2.126,2,-0.028,0.637,2.106,2,-0.049,0.792,2.098,2,-0.200,0.504,2.142,2,-0.322,0.264,2.153,2,-0.445,0.356,1.965,2,-0.464,0.410,1.913,2,0.145,0.518,2.079,2,0.260,0.284,2.128,2,0.318,0.071,2.030,2,0.323,0.004,1.996,2,-0.074,-0.008,2.103,2,-0.109,-0.381,2.046,2,-0.110,-0.799,2.110,2,-0.126,-0.814,2.006,2,0.088,0.004,2.080,2,0.117,-0.390,2.103,2,0.091,-0.800,2.115,2,0.103,-0.808,2.027,2,-0.023,0.561,2.113,2,-0.480,0.449,1.870,2,-0.441,0.443,1.879,2,0.334,-0.053,1.968,2,0.344,-0.005,1.950,0,0,0,0,0
1.807|kb,19020229874260000,6,25,1,72057594037944587,2,0.013,-0.006,2.130,2,-0.011,0.322,2.126,2,-0.036,0.631,2.106,2,-0.056,0.788,2.098,2,-0.203,0.494,2.144,2,-0.333,0.254,2.146,2,-0.437,0.380,1.967,2,-0.456,0.435,1.922,2,0.140,0.516,2.077,2,0.256,0.274,2.124,2,0.318,0.058,2.040,2,0.323,-0.010,2.016,2,-0.068,-0.014,2.104,2,-0.104,-0.385,2.041,2,-0.109,-0.797,2.109,2,-0.126,-0.814,2.006,2,0.094,0.001,2.080,2,0.122,-0.409,2.113,2,0.092,-0.802,2.115,2,0.103,-0.808,2.030,2,-0.028,0.555,2.113,2,-0.469,0.480,1.881,2,-0.427,0.460,1.892,2,0.336,-0.071,1.991,2,0.343,-0.007,1.976,0,0,0,0,0
1.822|kb,19020233167100000,6,25,1,72057594037944587,2,0.018,-0.010,2.128,2,-0.012,0.318,2.124,2,-0.041,0.626,2.105,2,-0.062,0.783,2.097,2,-0.206,0.487,2.145,2,-0.335,0.248,2.147,2,-0.431,0.388,1.972,2,-0.449,0.451,1.930,2,0.135,0.512,2.075,2,0.252,0.269,2.120,2,0.316,0.049,2.049,2,0.323,-0.019,2.031,2,-0.062,-0.019,2.102,2,-0.100,-0.388,2.036,2,-0.109,-0.795,2.109,2,-0.126,-0.814,2.006,2,0.098,-0.001,2.077,2,0.124,-0.411,2.114,2,0.093,-0.804,2.115,2,0.103,-0.808,2.030,2,-0.033,0.551,2.112,2,-0.459,0.500,1.892,2,-0.418,0.476,1.902,2,0.336,-0.081,2.010,2,0.350,-0.036,1.992,0,0,0,0,0
1.872|kb,19020236478440000,6,25,1,72057594037944587,2,0.021,-0.012,2.127,2,-0.012,0.315,2.124,2,-0.045,0.623,2.106,2,-0.066,0.780,2.096,2,-0.208,0.483,2.146,2,-0.338,0.243,2.145,2,-0.429,0.399,1.975,2,-0.445,0.463,1.937,2,0.131,0.509,2.073,2,0.249,0.265,2.119,2,0.314,0.043,2.056,2,0.320,-0.023,2.038,2,-0.060,-0.022,2.101,2,-0.098,-0.389,2.034,2,-0.109,-0.794,2.108,2,-0.126,-0.813,2.006,2,0.100,-0.003,2.076,2,0.126,-0.412,2.117,2,0.093,-0.805,2.115,2,0.103,-0.808,2.030,2,-0.036,0.548,2.112,2,-0.453,0.515,1.903,2,-0.411,0.487,1.915,2,0.333,-0.088,2.019,2,0.345,-0.039,1.995,0,0,0,0,0
1.905|kb,19020239874330000,6,25,1,72057594037944587,2,0.021,-0.013,2.127,2,-0.013,0.313,2.123,2,-0.048,0.622,2.105,2,-0.069,0.778,2.096,2,-0.210,0.481,2.146,2,-0.339,0.241,2.143,2,-0.427,0.403,1.976,2,-0.443,0.466,1.941,2,0.128,0.508,2.072,2,0.246,0.262,2.117,2,0.312,0.040,2.058,2,0.317,-0.023,2.037,2,-0.059,-0.023,2.101,2,-0.097,-0.390,2.033,2,-0.108,-0.794,2.108,2,-0.125,-0.813,2.006,2,0.101,-0.003,2.075,2,0.127,-0.413,2.118,2,0.093,-0.806,2.116,2,0.104,-0.808,2.030,2,-0.039,0.546,2.112,2,-0.453,0.518,1.908,2,-0.409,0.492,1.921,2,0.331,-0.088,2.018,2,0.341,-0.038,1.997,0,0,0,0,0
1.938|kb,19020243167030000,6,25,1,72057594037944587,2,0.021,-0.013,2.127,2,-0.014,0.312,2.123,2,-0.050,0.621,2.105,2,-0.071,0.777,2.095,2,-0.211,0.480,2.146,2,-0.339,0.240,2.143,2,-0.426,0.405,1.977,2,-0.444,0.465,1.938,2,0.126,0.508,2.070,2,0.244,0.262,2.116,2,0.311,0.040,2.058,2,0.313,-0.020,2.030,2,-0.059,-0.023,2.101,2,-0.097,-0.390,2.033,2,-0.108,-0.794,2.108,2,-0.125,-0.813,2.006,2,0.101,-0.003,2.075,2,0.127,-0.414,2.119,2,0.093,-0.807,2.116,2,0.104,-0.808,2.030,2,-0.041,0.546,2.111,2,-0.452,0.519,1.906,2,-0.411,0.490,1.918,2,0.325,-0.082,2.009,2,0.335,-0.032,1.988,0,0,0,0,0
1.971|kb,19020246466920000,6,25,1,72057594037944587,2,0.020,-0.013,2.127,2,-0.015,0.312,2.123,2,-0.050,0.622,2.104,2,-0.072,0.778,2.094,2,-0.212,0.480,2.146,2,-0.339,0.240,2.143,2,-0.426,0.405,1.977,2,-0.446,0.457,1.931,2,0.125,0.509,2.069,2,0.242,0.263,2.115,2,0.309,0.041,2.054,2,0.310,-0.012,2.016,2,-0.060,-0.023,2.102,2,-0.097,-0.391,2.035,2,-0.108,-0.794,2.108,2,-0.125,-0.813,2.006,2,0.100,-0.003,2.075,2,0.126,-0.415,2.120,2,0.093,-0.807,2.115,2,0.104,-0.808,2.029,2,-0.041,0.546,2.111,2,-0.454,0.512,1.898,2,-0.414,0.483,1.907,2,0.321,-0.075,1.994,2,0.338,-0.019,1.982,0,0,0,0,0
2.005|kb,19020249874590000,6,25,1,72057594037944587,2,0.015,-0.011,2.128,2,-0.017,0.314,2.123,2,-0.051,0.625,2.104,2,-0.072,0.780,2.095,2,-0.213,0.484,2.146,2,-0.339,0.242,2.143,2,-0.427,0.399,1.975,2,-0.453,0.441,1.921,2,0.124,0.510,2.069,2,0.241,0.265,2.115,2,0.308,0.046,2.042,2,0.309,0.002,1.998,2,-0.066,-0.020,2.103,2,-0.098,-0.391,2.039,2,-0.108,-0.794,2.108,2,-0.125,-0.813,2.006,2,0.096,-0.001,2.076,2,0.124,-0.407,2.118,2,0.093,-0.808,2.116,2,0.104,-0.809,2.030,2,-0.042,0.549,2.111,2,-0.462,0.490,1.884,2,-0.421,0.468,1.887,2,0.319,-0.060,1.966,2,0.345,-0.015,1.969,0,0,0,0,0
2.038|kb,19020253167430000,6,25,1,72057594037944587,2,0.006,-0.007,2.129,2,-0.020,0.317,2.123,2,-0.050,0.628,2.103,2,-0.072,0.784,2.094,2,-0.215,0.491,2.146,2,-0.336,0.252,2.146,2,-0.434,0.383,1.968,2,-0.460,0.416,1.908,2,0.124,0.512,2.069,2,0.237,0.272,2.115,2,0.306,0.059,2.026,2,0.309,0.017,1.971,2,-0.075,-0.015,2.104,2,-0.102,-0.381,2.050,2,-0.108,-0.795,2.108,2,-0.126,-0.813,2.006,2,0.088,0.001,2.076,2,0.118,-0.399,2.117,2,0.093,-0.808,2.116,2,0.105,-0.809,2.029,2,-0.043,0.552,2.110,2,-0.469,0.459,1.863,2,-0.430,0.442,1.871,2,0.320,-0.043,1.934,2,0.329,0.010,1.928,0,0,0,0,0
2.071|kb,19020256467320000,6,25,1,72057594037944587,2,-0.001,-0.003,2.130,2,-0.023,0.322,2.123,2,-0.048,0.635,2.104,2,-0.069,0.791,2.095,2,-0.217,0.499,2.146,2,-0.334,0.265,2.148,2,-0.443,0.366,1.956,2,-0.466,0.382,1.898,2,0.125,0.516,2.070,2,0.235,0.278,2.115,2,0.306,0.075,2.005,2,0.312,0.028,1.931,2,-0.083,-0.010,2.105,2,-0.109,-0.379,2.062,2,-0.108,-0.799,2.109,2,-0.125,-0.814,2.008,2,0.080,0.005,2.078,2,0.112,-0.397,2.113,2,0.094,-0.808,2.116,2,0.105,-0.809,2.030,2,-0.041,0.558,2.111,2,-0.479,0.417,1.849,2,-0.436,0.405,1.851,2,0.325,-0.024,1.900,2,0.335,0.031,1.901,0,0,0,0,0
2.104|kb,19020259875320000,6,25,1,72057594037944587,2,-0.010,0.002,2.131,2,-0.025,0.325,2.123,2,-0.045,0.639,2.104,2,-0.065,0.797,2.096,2,-0.217,0.510,2.143,2,-0.324,0.298,2.158,2,-0.449,0.339,1.952,2,-0.472,0.345,1.893,2,0.127,0.519,2.073,2,0.235,0.282,2.116,2,0.308,0.098,1.976,2,0.313,0.051,1.891,2,-0.093,-0.004,2.104,2,-0.115,-0.377,2.069,2,-0.107,-0.803,2.108,2,-0.126,-0.814,2.007,2,0.073,0.007,2.079,2,0.107,-0.395,2.109,2,0.095,-0.807,2.117,2,0.105,-0.809,2.030,2,-0.040,0.562,2.111,2,-0.487,0.366,1.843,2,-0.450,0.372,1.850,2,0.320,0.011,1.861,2,0.343,0.052,1.865,0,0,0,0,0
2.138|kb,19020263167690000,6,25,1,72057594037944587,2,-0.018,0.005,2.130,2,-0.027,0.329,2.123,2,-0.041,0.643,2.103,2,-0.059,0.801,2.095,2,-0.216,0.519,2.140,2,-0.304,0.302,2.174,2,-0.442,0.302,1.973,2,-0.476,0.304,1.896,2,0.131,0.521,2.074,2,0.235,0.288,2.116,2,0.307,0.122,1.954,2,0.312,0.087,1.858,2,-0.100,0.001,2.104,2,-0.119,-0.375,2.078,2,-0.107,-0.805,2.107,2,-0.126,-0.814,2.007,2,0.065,0.010,2.079,2,0.099,-0.394,2.102,2,0.096,-0.805,2.117,2,0.104,-0.808,2.030,2,-0.038,0.566,2.110,2,-0.494,0.314,1.846,2,-0.449,0.325,1.859,2,0.325,0.037,1.822,2,0.324,0.102,1.822,0,0,0,0,0
2.171|kb,19020266467300000,6,25,1,72057594037944587,2,-0.025,0.008,2.129,2,-0.028,0.331,2.122,2,-0.036,0.647,2.101,2,-0.053,0.804,2.095,2,-0.214,0.524,2.137,2,-0.301,0.307,2.174,2,-0.445,0.273,1.981,2,-0.477,0.260,1.906,2,0.134,0.523,2.077,2,0.235,0.294,2.117,2,0.314,0.160,1.929,2,0.308,0.129,1.823,2,-0.108,0.006,2.101,2,-0.125,-0.372,2.085,2,-0.106,-0.807,2.107,2,-0.126,-0.814,2.006,2,0.058,0.011,2.079,2,0.094,-0.392,2.098,2,0.095,-0.805,2.118,2,0.104,-0.808,2.029,2,-0.035,0.569,2.109,2,-0.496,0.260,1.859,2,-0.455,0.282,1.841,2,0.323,0.081,1.785,2,0.315,0.149,1.790,0,0,0,0,0
2.204|kb,19020269879890000,6,25,1,72057594037944587,2,-0.031,0.010,2.128,2,-0.029,0.332,2.122,2,-0.032,0.648,2.101,2,-0.046,0.807,2.096,2,-0.212,0.528,2.134,2,-0.304,0.314,2.173,2,-0.455,0.221,2.008,2,-0.477,0.211,1.923,2,0.139,0.523,2.080,2,0.234,0.296,2.117,2,0.311,0.179,1.917,2,0.305,0.177,1.798,2,-0.114,0.008,2.099,2,-0.130,-0.373,2.092,2,-0.107,-0.808,2.109,2,-0.127,-0.814,2.006,2,0.052,0.011,2.080,2,0.089,-0.394,2.093,2,0.096,-0.804,2.119,2,0.103,-0.808,2.028,2,-0.033,0.570,2.108,2,-0.497,0.202,1.878,2,-0.469,0.229,1.851,2,0.313,0.130,1.758,2,0.305,0.198,1.770,0,0,0,0,0
2.236|kb,19020273167440000,6,25,1,72057594037944587,2,-0.038,0.010,2.126,2,-0.029,0.333,2.121,2,-0.028,0.648,2.100,2,-0.040,0.807,2.095,2,-0.210,0.531,2.130,2,-0.304,0.315,2.173,2,-0.450,0.189,2.026,2,-0.469,0.166,1.958,2,0.142,0.521,2.084,2,0.235,0.292,2.116,1,0.308,0.179,1.911,2,0.298,0.225,1.785,2,-0.121,0.010,2.095,2,-0.134,-0.373,2.097,2,-0.107,-0.810,2.109,2,-0.127,-0.814,2.006,2,0.045,0.010,2.080,2,0.084,-0.397,2.086,2,0.095,-0.805,2.119,2,0.103,-0.808,2.028,2,-0.030,0.571,2.108,2,-0.493,0.144,1.917,2,-0.461,0.177,1.895,2,0.301,0.228,1.741,2,0.276,0.255,1.793,0,0,0,0,0
2.270|kb,19020276467470000,6,25,1,72057594037944587,2,-0.045,0.009,2.123,2,-0.031,0.333,2.120,2,-0.026,0.648,2.100,2,-0.035,0.807,2.094,2,-0.208,0.533,2.125,2,-0.305,0.315,2.172,2,-0.439,0.159,2.047,2,-0.468,0.114,1.977,2,0.145,0.518,2.087,2,0.235,0.277,2.107,2,0.293,0.241,1.872,2,0.290,0.272,1.784,2,-0.128,0.011,2.089,2,-0.137,-0.374,2.101,2,-0.107,-0.812,2.111,2,-0.127,-0.814,2.005,2,0.039,0.008,2.079,2,0.077,-0.397,2.074,2,0.095,-0.802,2.119,2,0.102,-0.808,2.028,2,-0.029,0.571,2.107,2,-0.487,0.088,1.946,2,-0.453,0.112,1.936,2,0.294,0.277,1.738,2,0.265,0.302,1.792,0,0,0,0,0
2.303|kb,19020279874580000,6,25,1,72057594037944587,2,-0.052,0.007,2.120,2,-0.033,0.332,2.118,2,-0.024,0.645,2.099,2,-0.031,0.805,2.093,2,-0.206,0.532,2.118,2,-0.305,0.313,2.171,2,-0.432,0.134,2.072,2,-0.462,0.074,2.015,2,0.146,0.514,2.090,2,0.235,0.259,2.104,2,0.280,0.290,1.866,2,0.283,0.313,1.794,2,-0.135,0.009,2.085,2,-0.141,-0.375,2.106,2,-0.107,-0.813,2.111,2,-0.128,-0.814,2.004,2,0.032,0.004,2.078,2,0.072,-0.396,2.058,2,0.094,-0.798,2.117,2,0.102,-0.808,2.027,2,-0.028,0.569,2.106,2,-0.480,0.037,1.991,2,-0.479,0.075,1.955,2,0.289,0.324,1.744,2,0.255,0.341,1.790,0,0,0,0,0
2.336|kb,19020283167380000,6,25,1,72057594037944587,2,-0.060,0.002,2.116,2,-0.037,0.329,2.115,2,-0.023,0.643,2.098,2,-0.029,0.802,2.092,2,-0.205,0.529,2.111,2,-0.309,0.303,2.167,2,-0.423,0.103,2.100,2,-0.452,0.042,2.055,2,0.145,0.507,2.093,2,0.233,0.236,2.109,2,0.276,0.298,1.876,2,0.277,0.347,1.804,2,-0.143,0.006,2.078,2,-0.146,-0.380,2.110,2,-0.108,-0.813,2.112,2,-0.127,-0.814,2.004,2,0.024,-0.001,2.076,2,0.068,-0.395,2.042,2,0.093,-0.794,2.118,2,0.101,-0.808,2.026,2,-0.027,0.566,2.105,2,-0.468,-0.010,2.031,2,-0.474,0.035,2.003,2,0.281,0.369,1.751,2,0.245,0.375,1.806,0,0,0,0,0
2.369|kb,19020286467270000,6,25,1,72057594037944587,2,-0.068,-0.001,2.112,2,-0.041,0.326,2.113,2,-0.023,0.640,2.097,2,-0.027,0.799,2.091,2,-0.206,0.527,2.107,2,-0.314,0.290,2.162,2,-0.424,0.085,2.110,2,-0.445,0.017,2.088,2,0.144,0.502,2.095,2,0.227,0.223,2.112,2,0.267,0.319,1.888,2,0.270,0.371,1.815,2,-0.150,0.004,2.074,2,-0.151,-0.382,2.111,2,-0.108,-0.813,2.112,2,-0.126,-0.814,2.008,2,0.016,-0.005,2.073,2,0.064,-0.392,2.026,2,0.092,-0.789,2.116,2,0.102,-0.809,2.024,2,-0.028,0.564,2.104,2,-0.458,-0.044,2.070,2,-0.476,0.015,2.071,2,0.276,0.398,1.760,2,0.236,0.390,1.834,0,0,0,0,0
2.402|kb,19020289885510000,6,25,1,72057594037944587,2,-0.074,-0.004,2.107,2,-0.047,0.321,2.108,2,-0.024,0.635,2.095,2,-0.027,0.796,2.090,2,-0.208,0.521,2.100,2,-0.315,0.283,2.159,2,-0.420,0.072,2.128,2,-0.439,0.001,2.114,2,0.142,0.498,2.094,2,0.221,0.224,2.087,2,0.267,0.334,1.874,2,0.265,0.383,1.824,2,-0.156,0.001,2.068,2,-0.157,-0.385,2.111,2,-0.108,-0.813,2.112,2,-0.126,-0.814,2.008,2,0.010,-0.009,2.068,2,0.060,-0.390,2.010,2,0.092,-0.784,2.110,2,0.102,-0.810,2.022,2,-0.030,0.559,2.101,2,-0.449,-0.064,2.102,2,-0.462,0.012,2.099,2,0.270,0.415,1.770,2,0.231,0.403,1.840,0,0,0,0,0
2.435|kb,19020293167310000,6,25,1,72057594037944587,2,-0.079,-0.005,2.104,2,-0.051,0.320,2.105,2,-0.027,0.633,2.093,2,-0.028,0.794,2.089,2,-0.210,0.520,2.098,2,-0.317,0.278,2.157,2,-0.418,0.064,2.138,2,-0.437,-0.009,2.134,2,0.140,0.496,2.095,2,0.218,0.224,2.086,2,0.264,0.338,1.876,2,0.262,0.388,1.827,2,-0.160,0.000,2.064,2,-0.161,-0.388,2.110,2,-0.109,-0.813,2.113,2,-0.126,-0.814,2.008,2,0.005,-0.010,2.066,2,0.055,-0.388,1.993,2,0.092,-0.781,2.105,2,0.103,-0.811,2.021,2,-0.033,0.557,2.098,2,-0.441,-0.076,2.125,2,-0.472,-0.016,2.127,2,0.267,0.420,1.777,2,0.226,0.403,1.844,0,0,0,0,0
2.468|kb,19020296467800000,6,25,1,72057594037944587,2,-0.083,-0.006,2.100,2,-0.055,0.319,2.102,2,-0.030,0.632,2.091,2,-0.030,0.793,2.087,2,-0.213,0.519,2.092,2,-0.319,0.273,2.155,2,-0.419,0.059,2.143,2,-0.433,-0.011,2.142,2,0.136,0.494,2.095,2,0.211,0.221,2.086,2,0.261,0.338,1.878,2,0.259,0.382,1.825,2,-0.164,-0.001,2.059,2,-0.162,-0.389,2.110,2,-0.109,-0.812,2.113,2,-0.126,-0.814,2.008,2,0.001,-0.011,2.062,2,0.052,-0.387,1.977,2,0.091,-0.781,2.099,2,0.104,-0.813,2.018,2,-0.036,0.555,2.096,2,-0.437,-0.080,2.136,2,-0.458,-0.002,2.136,2,0.267,0.413,1.775,2,0.223,0.401,1.844,0,0,0,0,0
2.502|kb,19020299874690000,6,25,1,72057594037944587,2,-0.086,-0.006,2.096,2,-0.059,0.319,2.099,2,-0.033,0.631,2.089,2,-0.033,0.792,2.085,2,-0.217,0.519,2.088,2,-0.320,0.272,2.155,2,-0.419,0.058,2.144,2,-0.433,-0.014,2.143,2,0.132,0.495,2.095,2,0.178,0.259,2.099,2,0.258,0.333,1.880,2,0.257,0.370,1.821,2,-0.167,-0.001,2.055,2,-0.163,-0.388,2.108,2,-0.110,-0.812,2.113,2,-0.127,-0.814,2.006,2,-0.002,-0.010,2.059,2,0.047,-0.382,1.963,2,0.090,-0.780,2.094,2,0.105,-0.810,2.010,2,-0.040,0.555,2.094,2,-0.435,-0.082,2.142,2,-0.466,-0.019,2.141,2,0.268,0.399,1.770,2,0.232,0.407,1.806,0,0,0,0,0
2.536|kb,19020303183200000,6,25,1,72057594037944587,2,-0.088,-0.004,2.091,2,-0.063,0.320,2.095,2,-0.039,0.632,2.085,2,-0.037,0.792,2.081,2,-0.221,0.520,2.085,2,-0.322,0.271,2.152,2,-0.420,0.056,2.145,2,-0.434,-0.013,2.136,2,0.127,0.497,2.093,2,0.173,0.211,2.119,2,0.247,0.318,1.892,2,0.254,0.351,1.816,2,-0.169,0.000,2.050,2,-0.162,-0.388,2.106,2,-0.110,-0.812,2.113,2,-0.128,-0.814,2.006,2,-0.004,-0.008,2.054,2,0.043,-0.376,1.949,2,0.086,-0.780,2.076,2,0.105,-0.804,1.999,2,-0.045,0.556,2.090,2,-0.437,-0.076,2.132,2,-0.457,0.007,2.127,2,0.264,0.379,1.762,2,0.223,0.380,1.821,0,0,0,0,0
2.568|kb,19020306467970000,6,25,1,72057594037944587,2,-0.089,-0.002,2.086,2,-0.066,0.322,2.091,2,-0.044,0.633,2.082,2,-0.042,0.794,2.077,2,-0.228,0.523,2.082,2,-0.326,0.272,2.149,2,-0.422,0.056,2.141,2,-0.438,-0.012,2.124,2,0.122,0.500,2.091,2,0.175,0.219,2.107,2,0.245,0.299,1.887,2,0.251,0.322,1.808,2,-0.170,0.002,2.044,2,-0.162,-0.387,2.102,2,-0.110,-0.812,2.113,2,-0.127,-0.815,2.009,2,-0.005,-0.005,2.050,2,0.041,-0.372,1.938,2,0.078,-0.779,2.068,2,0.100,-0.800,1.969,2,-0.050,0.557,2.086,2,-0.440,-0.077,2.116,2,-0.464,-0.006,2.114,2,0.263,0.345,1.753,2,0.221,0.349,1.797,0,0,0,0,0
2.601|kb,19020309885380000,6,25,1,72057594037944587,2,-0.089,0.000,2.080,2,-0.069,0.324,2.086,2,-0.049,0.635,2.078,2,-0.047,0.795,2.072,2,-0.232,0.526,2.078,2,-0.333,0.273,2.142,2,-0.426,0.056,2.133,2,-0.443,-0.012,2.105,2,0.118,0.502,2.088,2,0.173,0.222,2.108,2,0.239,0.284,1.881,2,0.249,0.289,1.798,2,-0.170,0.003,2.038,2,-0.161,-0.386,2.099,2,-0.110,-0.811,2.113,2,-0.127,-0.814,2.009,2,-0.005,-0.002,2.044,2,0.041,-0.370,1.927,2,0.071,-0.779,2.041,2,0.090,-0.797,1.936,2,-0.054,0.559,2.083,2,-0.449,-0.073,2.095,2,-0.465,0.004,2.092,2,0.261,0.306,1.749,2,0.222,0.318,1.781,0,0,0,0,0
2.634|kb,19020313171030000,6,25,1,72057594037944587,2,-0.089,0.003,2.074,2,-0.071,0.326,2.080,2,-0.055,0.637,2.071,2,-0.051,0.796,2.066,2,-0.236,0.528,2.073,2,-0.338,0.273,2.132,2,-0.431,0.056,2.116,2,-0.450,-0.012,2.084,2,0.115,0.504,2.083,2,0.163,0.242,2.112,2,0.234,0.243,1.878,2,0.246,0.249,1.790,2,-0.170,0.005,2.031,2,-0.160,-0.385,2.096,2,-0.110,-0.810,2.113,2,-0.128,-0.814,2.008,2,-0.005,0.000,2.039,2,0.041,-0.368,1.916,2,0.064,-0.783,2.002,2,0.083,-0.797,1.901,2,-0.059,0.561,2.076,2,-0.455,-0.073,2.070,2,-0.473,0.003,2.075,2,0.267,0.262,1.737,2,0.221,0.279,1.778,0,0,0,0,0
2.667|kb,19020316473610000,6,25,1,72057594037944587,2,-0.089,0.003,2.066,2,-0.073,0.327,2.073,2,-0.059,0.638,2.065,2,-0.056,0.797,2.057,2,-0.239,0.528,2.065,2,-0.342,0.272,2.119,2,-0.435,0.055,2.090,2,-0.455,-0.015,2.057,2,0.112,0.506,2.077,2,0.162,0.250,2.111,2,0.233,0.221,1.879,2,0.247,0.204,1.784,2,-0.170,0.005,2.024,2,-0.159,-0.384,2.092,2,-0.111,-0.809,2.114,2,-0.128,-0.814,2.007,2,-0.004,0.002,2.031,2,0.042,-0.369,1.905,2,0.064,-0.788,1.953,2,0.082,-0.797,1.844,2,-0.062,0.562,2.069,2,-0.464,-0.074,2.046,2,-0.479,0.001,2.051,2,0.256,0.200,1.748,2,0.227,0.235,1.760,0,0,0,0,0
2.701|kb,19020319876090000,6,25,1,72057594037944587,2,-0.087,0.004,2.059,2,-0.074,0.328,2.064,2,-0.062,0.638,2.055,2,-0.059,0.798,2.048,2,-0.241,0.528,2.059,2,-0.344,0.272,2.106,2,-0.436,0.056,2.065,2,-0.456,-0.014,2.028,2,0.111,0.507,2.070,2,0.163,0.257,2.109,2,0.251,0.178,1.895,2,0.245,0.159,1.794,2,-0.169,0.005,2.017,2,-0.157,-0.384,2.087,2,-0.111,-0.808,2.114,2,-0.127,-0.814,2.008,2,-0.003,0.003,2.023,2,0.044,-0.383,1.891,2,0.068,-0.798,1.901,2,0.086,-0.795,1.793,2,-0.065,0.562,2.060,2,-0.466,-0.073,2.011,2,-0.483,-0.011,2.012,2,0.247,0.136,1.752,2,0.244,0.195,1.787,0,0,0,0,0
2.734|kb,19020323169160000,6,25,1,72057594037944587,2,-0.086,0.003,2.050,2,-0.074,0.327,2.054,2,-0.064,0.638,2.044,2,-0.061,0.798,2.037,2,-0.243,0.527,2.048,2,-0.345,0.269,2.080,2,-0.434,0.053,2.036,2,-0.452,-0.015,1.997,2,0.109,0.509,2.057,2,0.169,0.270,2.098,2,0.239,0.157,1.892,2,0.242,0.115,1.805,2,-0.167,0.004,2.009,2,-0.156,-0.382,2.080,2,-0.112,-0.806,2.115,2,-0.127,-0.814,2.008,2,-0.001,0.002,2.014,2,0.049,-0.401,1.878,2,0.078,-0.807,1.842,2,0.092,-0.793,1.730,2,-0.066,0.562,2.049,2,-0.462,-0.073,1.975,2,-0.477,-0.005,1.991,2,0.242,0.084,1.766,2,0.221,0.139,1.792,0,0,0,0,0
2.767|kb,19020326467330000,6,25,1,72057594037944587,2,-0.084,0.002,2.040,2,-0.074,0.328,2.044,2,-0.064,0.639,2.034,2,-0.063,0.799,2.024,2,-0.244,0.527,2.035,2,-0.343,0.270,2.063,2,-0.427,0.053,2.008,2,-0.444,-0.015,1.965,2,0.110,0.509,2.046,2,0.168,0.272,2.095,2,0.239,0.137,1.904,2,0.238,0.077,1.823,2,-0.165,0.003,1.999,2,-0.155,-0.381,2.075,2,-0.113,-0.804,2.116,2,-0.127,-0.814,2.009,2,0.001,0.001,2.004,2,0.053,-0.411,1.867,2,0.082,-0.811,1.800,2,0.095,-0.782,1.683,2,-0.067,0.563,2.039,2,-0.454,-0.074,1.943,2,-0.476,-0.022,1.944,2,0.238,0.031,1.781,2,0.255,0.091,1.782,0,0,0,0,0
2.800|kb,19020329884830000,6,25,1,72057594037944587,2,-0.082,0.000,2.029,2,-0.073,0.326,2.030,2,-0.064,0.639,2.017,2,-0.061,0.798,2.007,2,-0.242,0.525,2.019,2,-0.337,0.271,2.034,2,-0.416,0.054,1.971,2,-0.432,-0.023,1.928,2,0.111,0.507,2.030,2,0.172,0.273,2.082,2,0.234,0.106,1.916,2,0.235,0.035,1.838,2,-0.163,0.002,1.989,2,-0.154,-0.379,2.070,2,-0.113,-0.802,2.116,2,-0.128,-0.814,2.008,2,0.003,-0.001,1.991,2,0.059,-0.423,1.852,2,0.091,-0.812,1.735,2,0.099,-0.778,1.631,2,-0.066,0.562,2.023,2,-0.443,-0.076,1.913,2,-0.459,-0.016,1.914,2,0.232,-0.020,1.797,2,0.255,0.056,1.814,0,0,0,0,0
2.833|kb,19020333180640000,6,25,1,72057594037944587,2,-0.078,-0.001,2.018,2,-0.070,0.326,2.016,2,-0.061,0.638,2.000,2,-0.059,0.798,1.992,2,-0.239,0.524,2.002,2,-0.332,0.269,2.014,2,-0.402,0.052,1.938,2,-0.412,-0.018,1.896,2,0.113,0.507,2.014,2,0.180,0.268,2.063,2,0.234,0.080,1.919,2,0.232,-0.002,1.859,2,-0.159,0.001,1.977,2,-0.152,-0.374,2.057,2,-0.113,-0.799,2.116,2,-0.128,-0.814,2.007,2,0.006,-0.002,1.981,2,0.063,-0.425,1.840,2,0.095,-0.811,1.704,2,0.104,-0.767,1.601,2,-0.063,0.562,2.007,2,-0.418,-0.073,1.872,2,-0.447,-0.038,1.871,2,0.235,-0.064,1.826,2,0.260,0.014,1.840,0,0,0,0,0
2.866|kb,19020336475710000,6,25,1,72057594037944587,2,-0.074,-0.002,2.003,2,-0.066,0.325,2.002,2,-0.059,0.639,1.987,2,-0.055,0.797,1.974,2,-0.233,0.523,1.981,2,-0.324,0.269,1.989,2,-0.383,0.051,1.906,2,-0.390,-0.023,1.861,2,0.116,0.506,1.994,2,0.188,0.257,2.040,2,0.236,0.042,1.920,2,0.232,-0.037,1.883,2,-0.155,0.000,1.963,2,-0.150,-0.373,2.049,2,-0.113,-0.795,2.115,2,-0.128,-0.814,2.009,2,0.011,-0.004,1.965,2,0.067,-0.423,1.829,2,0.109,-0.801,1.663,2,0.109,-0.753,1.571,2,-0.061,0.563,1.993,2,-0.400,-0.077,1.842,2,-0.426,-0.038,1.843,2,0.231,-0.108,1.865,2,0.254,-0.023,1.851,0,0,0,0,0
2.899|kb,19020339878600000,6,25,1,72057594037944587,2,-0.068,-0.004,1.987,2,-0.061,0.324,1.983,2,-0.054,0.638,1.966,2,-0.049,0.797,1.954,2,-0.230,0.524,1.966,2,-0.314,0.267,1.967,2,-0.362,0.051,1.873,2,-0.364,-0.018,1.830,2,0.120,0.504,1.972,2,0.194,0.249,2.021,2,0.237,0.018,1.930,2,0.234,-0.061,1.911,2,-0.149,-0.002,1.946,2,-0.147,-0.373,2.038,2,-0.112,-0.790,2.114,2,-0.128,-0.815,2.009,2,0.015,-0.006,1.950,2,0.071,-0.423,1.817,2,0.113,-0.798,1.648,2,0.111,-0.747,1.558,2,-0.056,0.562,1.973,2,-0.368,-0.074,1.805,2,-0.401,-0.034,1.808,2,0.235,-0.134,1.901,2,0.265,-0.038,1.894,0,0,0,0,0
2.932|kb,19020343168520000,6,25,1,72057594037944587,2,-0.061,-0.007,1.966,2,-0.054,0.323,1.964,2,-0.047,0.638,1.948,2,-0.043,0.796,1.935,2,-0.222,0.523,1.943,2,-0.303,0.265,1.941,2,-0.345,0.047,1.848,2,-0.337,-0.023,1.797,2,0.126,0.503,1.955,2,0.195,0.244,2.006,2,0.241,0.005,1.937,2,0.238,-0.072,1.934,2,-0.142,-0.004,1.925,2,-0.142,-0.371,2.021,2,-0.112,-0.786,2.112,2,-0.128,-0.814,2.009,2,0.022,-0.009,1.930,2,0.074,-0.425,1.805,2,0.115,-0.803,1.635,2,0.113,-0.749,1.546,2,-0.049,0.561,1.954,2,-0.339,-0.074,1.775,2,-0.368,-0.026,1.774,2,0.237,-0.149,1.932,2,0.269,-0.088,1.912,0,0,0,0,0
2.965|kb,19020346467250000,6,25,1,72057594037944587,2,-0.055,-0.009,1.947,2,-0.047,0.321,1.941,2,-0.038,0.636,1.922,2,-0.034,0.795,1.914,2,-0.215,0.522,1.922,2,-0.292,0.266,1.920,2,-0.316,0.051,1.810,2,-0.312,-0.011,1.773,2,0.134,0.499,1.929,2,0.197,0.236,1.990,2,0.243,0.001,1.940,2,0.245,-0.072,1.948,2,-0.136,-0.007,1.905,2,-0.139,-0.368,1.999,2,-0.112,-0.781,2.111,2,-0.127,-0.815,2.008,2,0.028,-0.012,1.912,2,0.078,-0.425,1.793,2,0.115,-0.806,1.628,2,0.116,-0.754,1.541,2,-0.040,0.559,1.929,2,-0.313,-0.068,1.746,2,-0.313,-0.020,1.722,2,0.248,-0.149,1.955,2,0.278,-0.072,1.932,0,0,0,0,0
2.999|kb,19020349887670000,6,25,1,72057594037944587,2,-0.048,-0.010,1.926,2,-0.039,0.321,1.922,2,-0.029,0.637,1.904,2,-0.025,0.796,1.894,2,-0.206,0.522,1.901,2,-0.279,0.268,1.898,2,-0.299,0.052,1.790,2,-0.286,-0.006,1.747,2,0.142,0.497,1.911,2,0.200,0.234,1.976,2,0.246,0.000,1.942,2,0.251,-0.073,1.953,2,-0.129,-0.007,1.883,2,-0.133,-0.369,1.982,2,-0.112,-0.775,2.107,2,-0.126,-0.815,2.006,2,0.035,-0.013,1.892,2,0.082,-0.425,1.782,2,0.115,-0.807,1.624,2,0.119,-0.761,1.535,2,-0.032,0.560,1.911,2,-0.285,-0.064,1.718,2,-0.321,-0.018,1.734,2,0.255,-0.152,1.969,2,0.285,-0.080,1.939,0,0,0,0,0
3.032|kb,19020353173880000,6,25,1,72057594037944587,2,-0.039,-0.010,1.902,2,-0.028,0.321,1.898,2,-0.018,0.637,1.880,2,-0.012,0.795,1.870,2,-0.194,0.519,1.874,2,-0.267,0.267,1.879,2,-0.276,0.051,1.771,2,-0.262,-0.002,1.722,2,0.153,0.499,1.890,2,0.206,0.231,1.961,2,0.249,-0.002,1.942,2,0.256,-0.073,1.947,2,-0.120,-0.007,1.860,2,-0.126,-0.367,1.955,2,-0.111,-0.766,2.099,2,-0.126,-0.815,2.006,2,0.045,-0.013,1.867,2,0.088,-0.422,1.769,2,0.115,-0.806,1.625,2,0.121,-0.767,1.530,2,-0.021,0.560,1.887,2,-0.257,-0.058,1.692,2,-0.299,-0.002,1.724,2,0.256,-0.153,1.969,2,0.293,-0.081,1.941,0,0,0,0,0
3.065|kb,19020356480540000,6,25,1,72057594037944587,2,-0.028,-0.009,1.878,2,-0.018,0.322,1.875,2,-0.009,0.638,1.858,2,-0.002,0.797,1.850,2,-0.183,0.520,1.852,2,-0.253,0.266,1.857,2,-0.258,0.053,1.741,2,-0.243,0.004,1.701,2,0.163,0.502,1.869,2,0.212,0.232,1.945,2,0.256,-0.001,1.936,2,0.259,-0.078,1.934,2,-0.109,-0.006,1.835,2,-0.122,-0.366,1.932,2,-0.108,-0.764,2.093,2,-0.126,-0.814,2.002,2,0.055,-0.011,1.844,2,0.095,-0.415,1.756,2,0.115,-0.805,1.628,2,0.123,-0.773,1.527,2,-0.011,0.561,1.865,2,-0.234,-0.055,1.670,2,-0.283,-0.019,1.703,2,0.254,-0.162,1.965,2,0.293,-0.095,1.931,0,0,0,0,0
3.098|kb,19020359877030000,6,25,1,72057594037944587,2,-0.017,-0.006,1.855,2,-0.008,0.325,1.852,2,0.001,0.641,1.837,2,0.010,0.801,1.829,2,-0.170,0.522,1.826,2,-0.239,0.266,1.835,2,-0.241,0.052,1.722,2,-0.227,0.007,1.679,2,0.174,0.506,1.849,2,0.221,0.234,1.926,2,0.263,0.000,1.919,2,0.263,-0.077,1.913,2,-0.099,-0.004,1.814,2,-0.119,-0.364,1.902,2,-0.106,-0.763,2.085,2,-0.126,-0.814,2.001,2,0.067,-0.007,1.818,2,0.101,-0.410,1.744,2,0.114,-0.803,1.631,2,0.124,-0.777,1.526,2,-0.001,0.564,1.843,2,-0.217,-0.049,1.645,2,-0.264,-0.003,1.679,2,0.257,-0.160,1.941,2,0.298,-0.057,1.904,0,0,0,0,0
3.132|kb,19020363191390000,6,25,1,72057594037944587,2,-0.007,-0.001,1.830,2,0.003,0.330,1.829,2,0.012,0.645,1.814,2,0.022,0.806,1.807,2,-0.161,0.525,1.805,2,-0.227,0.268,1.814,2,-0.229,0.054,1.701,2,-0.217,0.012,1.659,2,0.185,0.511,1.829,2,0.231,0.238,1.907,2,0.272,0.001,1.892,2,0.270,-0.073,1.883,2,-0.090,0.000,1.789,2,-0.116,-0.362,1.868,2,-0.107,-0.766,2.077,2,-0.126,-0.813,2.000,2,0.076,-0.002,1.793,2,0.105,-0.409,1.736,2,0.113,-0.800,1.633,2,0.124,-0.777,1.526,2,0.010,0.569,1.820,2,-0.207,-0.047,1.627,2,-0.223,0.006,1.609,2,0.260,-0.156,1.909,2,0.305,-0.046,1.883,0,0,0,0,0
3.165|kb,19020366466980000,6,25,1,72057594037944587,2,0.004,0.003,1.806,2,0.013,0.334,1.809,2,0.022,0.650,1.798,2,0.031,0.811,1.791,2,-0.149,0.528,1.782,2,-0.217,0.272,1.793,2,-0.223,0.056,1.683,2,-0.212,0.013,1.639,2,0.194,0.514,1.808,2,0.241,0.243,1.886,2,0.282,0.010,1.860,2,0.277,-0.068,1.849,2,-0.079,0.004,1.765,2,-0.114,-0.359,1.827,2,-0.108,-0.768,2.068,2,-0.126,-0.801,1.992,2,0.087,0.001,1.769,2,0.109,-0.409,1.726,2,0.112,-0.799,1.635,2,0.124,-0.777,1.526,2,0.020,0.573,1.803,2,-0.203,-0.045,1.608,2,-0.217,0.008,1.587,2,0.266,-0.148,1.869,2,0.310,-0.051,1.841,0,0,0,0,0
3.197|kb,19020369879930000,6,25,1,72057594037944587,2,0.013,0.007,1.781,2,0.023,0.339,1.786,2,0.032,0.654,1.779,2,0.040,0.814,1.770,2,-0.140,0.533,1.764,2,-0.207,0.278,1.770,2,-0.219,0.062,1.660,2,-0.212,0.014,1.619,2,0.204,0.519,1.790,2,0.251,0.247,1.866,2,0.290,0.014,1.830,2,0.286,-0.053,1.810,2,-0.070,0.009,1.741,2,-0.110,-0.353,1.782,2,-0.108,-0.692,1.999,2,-0.097,-0.709,1.861,2,0.096,0.006,1.743,2,0.114,-0.402,1.716,2,0.111,-0.797,1.637,2,0.125,-0.778,1.526,2,0.030,0.577,1.783,2,-0.204,-0.045,1.589,2,-0.223,0.014,1.574,2,0.279,-0.140,1.821,2,0.317,-0.058,1.798,0,0,0,0,0
3.231|kb,19020373167400000,6,25,1,72057594037944587,2,0.025,0.011,1.757,2,0.033,0.342,1.765,2,0.041,0.656,1.760,2,0.048,0.816,1.752,2,-0.132,0.536,1.746,2,-0.201,0.279,1.750,2,-0.218,0.064,1.639,2,-0.214,0.014,1.597,2,0.213,0.521,1.768,2,0.262,0.254,1.840,2,0.301,0.023,1.791,2,0.295,-0.051,1.770,2,-0.059,0.013,1.718,2,-0.088,-0.351,1.731,2,-0.102,-0.631,1.931,2,-0.094,-0.693,1.826,2,0.108,0.008,1.718,2,0.117,-0.399,1.709,2,0.110,-0.794,1.638,2,0.124,-0.779,1.526,2,0.039,0.580,1.764,2,-0.207,-0.047,1.569,2,-0.227,0.014,1.555,2,0.288,-0.134,1.774,2,0.330,-0.040,1.768,0,0,0,0,0
3.264|kb,19020376473450000,6,25,1,72057594037944587,2,0.033,0.014,1.739,2,0.041,0.345,1.748,2,0.049,0.659,1.743,2,0.055,0.818,1.736,2,-0.124,0.537,1.729,2,-0.196,0.281,1.730,2,-0.218,0.066,1.619,2,-0.218,0.013,1.577,2,0.220,0.523,1.753,2,0.271,0.259,1.819,2,0.311,0.030,1.759,2,0.306,-0.043,1.729,2,-0.051,0.017,1.701,2,-0.087,-0.337,1.683,2,-0.097,-0.596,1.869,2,-0.090,-0.677,1.782,2,0.115,0.010,1.700,2,0.121,-0.398,1.701,2,0.109,-0.793,1.639,2,0.124,-0.780,1.526,2,0.047,0.582,1.747,2,-0.213,-0.049,1.551,2,-0.222,0.008,1.527,2,0.299,-0.127,1.725,2,0.337,-0.051,1.721,0,0,0,0,0
3.297|kb,19020379878530000,6,25,1,72057594037944587,2,0.041,0.017,1.718,2,0.048,0.347,1.730,2,0.055,0.660,1.728,2,0.062,0.819,1.719,2,-0.117,0.539,1.712,2,-0.192,0.284,1.713,2,-0.220,0.068,1.603,2,-0.223,0.015,1.557,2,0.228,0.524,1.738,2,0.283,0.264,1.795,2,0.324,0.038,1.716,2,0.318,-0.038,1.688,2,-0.043,0.021,1.680,2,-0.081,-0.334,1.653,2,-0.097,-0.661,1.891,2,-0.123,-0.750,1.870,2,0.123,0.012,1.679,2,0.123,-0.399,1.693,2,0.108,-0.792,1.639,2,0.124,-0.782,1.526,2,0.053,0.584,1.731,2,-0.222,-0.047,1.531,2,-0.226,0.009,1.509,2,0.312,-0.120,1.681,2,0.348,-0.044,1.680,0,0,0,0,0
3.330|kb,19020383173360000,6,25,1,72057594037944587,2,0.048,0.020,1.698,2,0.055,0.350,1.710,2,0.062,0.663,1.709,2,0.068,0.821,1.700,2,-0.108,0.540,1.693,2,-0.190,0.287,1.699,2,-0.221,0.071,1.592,2,-0.227,0.016,1.541,2,0.235,0.527,1.719,2,0.291,0.267,1.771,2,0.335,0.045,1.685,2,0.332,-0.026,1.644,2,-0.036,0.025,1.660,2,-0.073,-0.332,1.623,2,-0.095,-0.688,1.862,2,-0.121,-0.757,1.818,2,0.130,0.014,1.658,2,0.126,-0.397,1.684,2,0.108,-0.791,1.639,2,0.125,-0.783,1.525,2,0.060,0.587,1.711,2,-0.230,-0.043,1.514,2,-0.232,0.015,1.496,2,0.329,-0.109,1.631,2,0.366,-0.014,1.652,0,0,0,0,0
3.363|kb,19020386469540000,6,25,1,72057594037944587,2,0.055,0.022,1.680,2,0.060,0.352,1.692,2,0.065,0.665,1.691,2,0.073,0.823,1.682,2,-0.103,0.541,1.678,2,-0.187,0.291,1.683,2,-0.223,0.077,1.576,2,-0.229,0.021,1.525,2,0.241,0.528,1.700,2,0.298,0.271,1.745,2,0.348,0.058,1.641,2,0.346,-0.018,1.599,2,-0.030,0.027,1.643,2,-0.074,-0.327,1.566,2,-0.094,-0.720,1.813,2,-0.114,-0.760,1.751,2,0.137,0.016,1.639,2,0.127,-0.392,1.671,2,0.108,-0.788,1.639,2,0.125,-0.784,1.528,2,0.064,0.589,1.694,2,-0.234,-0.039,1.499,2,-0.237,0.019,1.480,2,0.344,-0.096,1.582,2,0.374,-0.041,1.590,0,0,0,0,0
3.396|kb,19020389883840000,6,25,1,72057594037944587,2,0.060,0.024,1.662,2,0.065,0.354,1.675,2,0.069,0.666,1.676,2,0.076,0.823,1.666,2,-0.100,0.545,1.663,2,-0.184,0.295,1.674,2,-0.225,0.083,1.564,2,-0.231,0.025,1.513,2,0.245,0.531,1.680,2,0.304,0.273,1.727,2,0.355,0.062,1.618,2,0.357,-0.009,1.560,2,-0.025,0.029,1.626,2,-0.070,-0.325,1.549,2,-0.086,-0.750,1.767,2,-0.108,-0.771,1.681,2,0.143,0.018,1.620,2,0.131,-0.384,1.657,2,0.107,-0.784,1.641,2,0.125,-0.784,1.529,2,0.068,0.590,1.678,2,-0.234,-0.035,1.490,2,-0.259,0.035,1.503,2,0.355,-0.085,1.539,2,0.379,-0.054,1.553,0,0,0,0,0
3.429|kb,19020393166990000,6,25,1,72057594037944587,2,0.065,0.025,1.645,2,0.070,0.355,1.657,2,0.073,0.668,1.658,2,0.079,0.822,1.646,2,-0.097,0.547,1.647,2,-0.182,0.299,1.664,2,-0.227,0.088,1.553,2,-0.233,0.028,1.502,2,0.247,0.532,1.670,2,0.311,0.278,1.701,2,0.364,0.073,1.583,2,0.370,0.003,1.526,2,-0.021,0.030,1.609,2,-0.062,-0.323,1.516,2,-0.071,-0.756,1.704,2,-0.093,-0.771,1.602,2,0.147,0.019,1.603,2,0.133,-0.379,1.644,2,0.106,-0.780,1.642,2,0.125,-0.785,1.528,2,0.073,0.592,1.660,2,-0.235,-0.032,1.480,2,-0.264,0.026,1.483,2,0.371,-0.066,1.497,2,0.405,-0.010,1.510,0,0,0,0,0
3.462|kb,19020396466780000,6,25,1,72057594037944587,2,0.070,0.026,1.626,2,0.074,0.357,1.638,2,0.077,0.670,1.638,2,0.080,0.819,1.627,2,-0.095,0.549,1.631,2,-0.179,0.300,1.652,2,-0.229,0.089,1.544,2,-0.236,0.029,1.491,2,0.250,0.536,1.629,2,0.316,0.283,1.677,2,0.371,0.079,1.558,2,0.378,0.013,1.494,2,-0.016,0.030,1.591,2,-0.056,-0.327,1.486,2,-0.061,-0.768,1.625,2,-0.084,-0.779,1.525,2,0.153,0.020,1.583,2,0.133,-0.375,1.630,2,0.106,-0.774,1.642,2,0.125,-0.785,1.528,2,0.076,0.595,1.640,2,-0.239,-0.031,1.472,2,-0.267,0.032,1.480,2,0.380,-0.055,1.462,2,0.387,-0.024,1.518,0,0,0,0,0
3.496|kb,19020399874040000,6,25,1,72057594037944587,2,0.074,0.026,1.609,2,0.077,0.357,1.620,2,0.080,0.670,1.618,2,0.080,0.816,1.609,2,-0.094,0.550,1.615,2,-0.176,0.301,1.642,2,-0.231,0.090,1.537,2,-0.241,0.029,1.483,2,0.251,0.537,1.614,2,0.320,0.288,1.652,2,0.378,0.092,1.520,2,0.383,0.019,1.462,2,-0.012,0.029,1.575,2,-0.052,-0.338,1.458,2,-0.055,-0.772,1.545,2,-0.073,-0.777,1.448,2,0.157,0.021,1.565,2,0.133,-0.376,1.620,2,0.104,-0.772,1.640,2,0.124,-0.785,1.528,2,0.079,0.594,1.621,2,-0.246,-0.030,1.463,2,-0.268,0.034,1.463,2,0.387,-0.046,1.430,2,0.397,-0.008,1.488,0,0,0,0,0
3.529|kb,19020403179680000,6,25,1,72057594037944587,2,0.078,0.024,1.588,2,0.080,0.357,1.600,2,0.081,0.671,1.599,2,0.079,0.810,1.586,2,-0.093,0.550,1.597,2,-0.173,0.300,1.627,2,-0.234,0.087,1.528,2,-0.245,0.028,1.475,2,0.250,0.536,1.587,2,0.325,0.290,1.625,2,0.380,0.092,1.495,2,0.384,0.026,1.434,2,-0.009,0.027,1.554,2,-0.049,-0.338,1.424,2,-0.052,-0.750,1.456,2,-0.060,-0.753,1.387,2,0.160,0.020,1.545,2,0.134,-0.382,1.611,2,0.102,-0.773,1.637,2,0.124,-0.786,1.528,2,0.081,0.595,1.601,2,-0.251,-0.031,1.457,2,-0.276,0.027,1.456,2,0.388,-0.042,1.399,2,0.394,-0.007,1.456,0,0,0,0,0
3.562|kb,19020406479190000,6,25,1,72057594037944587,2,0.079,0.022,1.571,2,0.081,0.355,1.580,2,0.082,0.670,1.577,2,0.077,0.809,1.564,2,-0.093,0.549,1.579,2,-0.172,0.295,1.612,2,-0.238,0.082,1.518,2,-0.249,0.024,1.469,2,0.250,0.536,1.568,2,0.328,0.292,1.599,2,0.381,0.094,1.468,2,0.383,0.027,1.402,2,-0.008,0.024,1.538,2,-0.045,-0.334,1.399,2,-0.048,-0.735,1.375,2,-0.047,-0.729,1.309,2,0.162,0.018,1.527,2,0.133,-0.393,1.602,2,0.100,-0.774,1.636,2,0.124,-0.786,1.528,2,0.082,0.594,1.580,2,-0.251,-0.033,1.450,2,-0.278,0.015,1.436,2,0.385,-0.041,1.367,2,0.389,-0.005,1.432,0,0,0,0,0
3.595|kb,19020409886350000,6,25,1,72057594037944587,2,0.080,0.018,1.550,2,0.080,0.352,1.558,2,0.080,0.668,1.552,2,0.074,0.805,1.536,2,-0.094,0.546,1.556,2,-0.172,0.291,1.596,2,-0.242,0.076,1.511,2,-0.252,0.018,1.465,2,0.248,0.533,1.538,2,0.329,0.291,1.568,2,0.379,0.091,1.438,2,0.377,0.023,1.370,2,-0.007,0.020,1.518,2,-0.045,-0.324,1.367,2,-0.045,-0.693,1.303,2,-0.048,-0.658,1.188,2,0.163,0.014,1.505,2,0.114,-0.398,1.562,2,0.101,-0.765,1.637,2,0.124,-0.786,1.528,2,0.080,0.591,1.556,2,-0.255,-0.040,1.446,2,-0.281,0.016,1.444,2,0.378,-0.044,1.337,2,0.343,0.022,1.356,0,0,0,0,0
3.628|kb,19020413201500000,6,25,1,72057594037944587,2,0.080,0.013,1.531,2,0.079,0.349,1.536,2,0.078,0.666,1.528,2,0.071,0.802,1.509,2,-0.095,0.543,1.536,2,-0.173,0.285,1.577,2,-0.246,0.067,1.503,2,-0.255,0.006,1.460,2,0.246,0.530,1.513,2,0.328,0.288,1.541,2,0.374,0.090,1.407,2,0.370,0.020,1.339,2,-0.007,0.015,1.498,2,-0.044,-0.324,1.341,1,-0.032,-0.778,1.211,1,-0.038,-0.744,1.105,2,0.163,0.010,1.485,2,0.105,-0.390,1.538,2,0.102,-0.763,1.626,2,0.126,-0.787,1.523,2,0.078,0.589,1.532,2,-0.257,-0.050,1.443,2,-0.284,-0.004,1.425,2,0.372,-0.046,1.311,2,0.374,-0.059,1.318,0,0,0,0,0
3.661|kb,19020416501850000,6,25,1,72057594037944587,2,0.077,0.006,1.505,2,0.077,0.343,1.509,2,0.075,0.660,1.500,2,0.066,0.796,1.481,2,-0.098,0.539,1.511,2,-0.175,0.277,1.557,2,-0.250,0.056,1.496,2,-0.258,-0.002,1.456,2,0.243,0.527,1.488,2,0.325,0.286,1.510,2,0.366,0.091,1.370,2,0.361,0.017,1.307,2,-0.009,0.009,1.475,2,-0.043,-0.329,1.315,1,-0.028,-0.779,1.134,1,-0.034,-0.737,1.036,2,0.160,0.003,1.457,2,0.094,-0.394,1.507,2,0.102,-0.754,1.621,2,0.126,-0.788,1.522,2,0.076,0.583,1.504,2,-0.259,-0.061,1.440,2,-0.289,-0.015,1.426,2,0.360,-0.051,1.280,2,0.388,-0.016,1.281,0,0,0,0,0
3.694|kb,19020419874180000,6,25,1,72057594037944587,2,0.076,0.001,1.485,2,0.074,0.338,1.485,2,0.071,0.655,1.471,2,0.061,0.791,1.451,2,-0.102,0.534,1.486,2,-0.178,0.271,1.537,2,-0.253,0.048,1.489,2,-0.261,-0.011,1.451,2,0.240,0.524,1.461,2,0.321,0.282,1.479,2,0.358,0.085,1.340,2,0.349,0.016,1.272,2,-0.011,0.003,1.454,2,-0.043,-0.328,1.276,1,-0.026,-0.778,1.102,1,-0.032,-0.738,1.004,2,0.159,-0.001,1.438,2,0.094,-0.393,1.494,2,0.101,-0.752,1.616,2,0.127,-0.789,1.521,2,0.071,0.578,1.477,2,-0.261,-0.073,1.433,2,-0.290,-0.008,1.449,2,0.347,-0.053,1.243,2,0.381,0.011,1.249,0,0,0,0,0
3.727|kb,19020423166890000,6,25,1,72057594037944587,2,0.073,-0.005,1.456,2,0.069,0.333,1.457,2,0.066,0.651,1.444,2,0.053,0.784,1.420,2,-0.106,0.533,1.461,2,-0.181,0.267,1.516,2,-0.255,0.041,1.481,2,-0.264,-0.018,1.446,2,0.235,0.520,1.431,2,0.315,0.282,1.448,2,0.342,0.088,1.302,2,0.336,0.012,1.241,2,-0.014,-0.004,1.425,2,-0.042,-0.337,1.250,1,-0.028,-0.779,1.056,1,-0.035,-0.739,0.957,2,0.156,-0.006,1.410,2,0.095,-0.390,1.470,2,0.101,-0.750,1.611,2,0.128,-0.790,1.518,2,0.067,0.574,1.449,2,-0.266,-0.084,1.430,2,-0.302,-0.046,1.424,2,0.331,-0.055,1.214,2,0.361,-0.034,1.217,0,0,0,0,0
3.761|kb,19020426466870000,6,25,1,72057594037944587,2,0.071,-0.009,1.424,2,0.065,0.330,1.424,2,0.059,0.647,1.410,2,0.045,0.785,1.392,2,-0.113,0.530,1.431,2,-0.185,0.262,1.490,2,-0.257,0.035,1.466,2,-0.267,-0.025,1.437,2,0.226,0.516,1.398,2,0.307,0.282,1.414,2,0.331,0.084,1.273,2,0.321,0.007,1.207,2,-0.018,-0.009,1.392,2,-0.036,-0.342,1.214,1,-0.031,-0.789,1.042,1,-0.039,-0.751,0.942,2,0.155,-0.009,1.378,2,0.094,-0.387,1.444,2,0.102,-0.743,1.605,2,0.129,-0.790,1.516,2,0.061,0.570,1.416,2,-0.268,-0.092,1.423,2,-0.300,-0.050,1.409,2,0.314,-0.059,1.181,2,0.342,0.000,1.170,0,0,0,0,0
